"Date(UTC)","Julian Date","MET","TS","Photon Flux [0.1-100 GeV](photons cm-2 s-1)","Photon Flux Error(photons cm-2 s-1)","Photon Index","Photon Index Error","Sun Distance","Fit Tolerance","MINUIT Return Code","Analysis Log"
"Aug 08 2008","2454687","239889601","149.81","1.32e-7","2.40e-8","-1.99","0","39.92","1e-8","0","bin1.log"
"Aug 15 2008","2454694","240494401","53.93","9.75e-8","2.42e-8","-1.99","0","46.60","1e-8","0","bin2.log"
"Aug 22 2008","2454701","241099201","83.88","1.29e-7","2.70e-8","-1.99","0","53.34","1e-8","0","bin3.log"
"Aug 29 2008","2454708","241704001","116.28","1.50e-7","2.80e-8","-1.99","0","60.11","1e-8","0","bin4.log"
"Sep 05 2008","2454715","242308801","171.92","1.91e-7","2.80e-8","-1.99","0","66.89","1e-8","0","bin5.log"
"Sep 12 2008","2454722","242913601","103.41","1.28e-7","2.30e-8","-1.99","0","73.69","1e-8","0","bin6.log"
"Sep 19 2008","2454729","243518401","84.58","1.16e-7","2.34e-8","-1.99","0","80.50","1e-8","0","bin7.log"
"Sep 26 2008","2454736","244123201","205.55","1.69e-7","2.60e-8","-1.99","0","87.33","1e-8","0","bin8.log"
"Oct 03 2008","2454743","244728001","219.15","2.47e-7","3.10e-8","-1.99","0","94.20","1e-8","0","bin9.log"
"Oct 10 2008","2454750","245332801","160.84","1.96e-7","3.20e-8","-1.99","0","101.10","1e-8","0","bin10.log"
"Oct 17 2008","2454757","245937601","116.58","1.73e-7","3.20e-8","-1.99","0","108.05","1e-8","0","bin11.log"
"Oct 24 2008","2454764","246542401","94.28","1.25e-7","2.40e-8","-1.99","0","115.02","1e-8","0","bin12.log"
"Oct 31 2008","2454771","247147201","57.98","7.84e-8","1.90e-8","-1.99","0","122.01","1e-8","0","bin13.log"
"Nov 07 2008","2454777","247752001","49.73","7.38e-8","1.90e-8","-1.99","0","128.97","1e-8","0","bin14.log"
"Nov 14 2008","2454784","248356801","84.18","1.00e-7","2.20e-8","-1.99","0","135.85","1e-8","0","bin15.log"
"Nov 21 2008","2454791","248961601","96.09","1.10e-7","2.19e-8","-1.99","0","142.50","1e-8","0","bin16.log"
"Nov 28 2008","2454798","249566401","157.8","1.84e-7","2.80e-8","-1.99","0","148.72","1e-8","0","bin17.log"
"Dec 05 2008","2454806","250171201","102.07","1.63e-7","3.10e-8","-1.99","0","154.12","1e-8","0","bin18.log"
"Dec 12 2008","2454813","250776001","67.01","1.21e-7","2.66e-8","-1.99","0","158.02","1e-8","0","bin19.log"
"Dec 19 2008","2454820","251380801","42.68","8.97e-8","2.32e-8","-1.99","0","159.58","1e-8","0","bin20.log"
"Dec 26 2008","2454827","251985601","19.75","4.19e-8","1.55e-8","-1.99","0","158.37","1e-8","0","bin21.log"
"Jan 02 2009","2454833","252590401","22.54","5.23e-8","1.77e-8","-1.99","0","154.92","1e-8","0","bin22.log"
"Jan 09 2009","2454840","253195201","4.94","1.90e-8","1.21e-8","-1.99","0","150.15","1e-8","0","bin23.log"
"Jan 16 2009","2454847","253800001","15.31","3.96e-8","1.59e-8","-1.99","0","144.76","1e-8","0","bin24.log"
"Jan 23 2009","2454854","254404801","9.32","2.84e-8","1.64e-8","-1.99","0","139.12","1e-8","0","bin25.log"
"Jan 30 2009","2454861","255009601","14.2","5.56e-8","2.32e-8","-1.99","0","133.45","1e-8","0","bin26.log"
"Feb 06 2009","2454868","255614401","9.8","1.24e-8","9.29e-9","-1.99","0","127.85","1e-8","0","bin27.log"
"Feb 13 2009","2454875","256219201","17.09","3.77e-8","1.62e-8","-1.99","0","122.36","1e-8","0","bin28.log"
"Feb 20 2009","2454882","256824001","14.24","4.21e-8","1.66e-8","-1.99","0","117.01","1e-8","0","bin29.log"
"Feb 27 2009","2454889","257428801","32.66","6.56e-8","1.84e-8","-1.99","0","111.76","1e-8","0","bin30.log"
"Mar 06 2009","2454898","258033601","36.28","6.84e-8","1.87e-8","-1.99","0","106.61","1e-8","0","bin31.log"
"Mar 13 2009","2454905","258638401","1.81","6.97e-8","0","0","0","101.51","1e-8","0","bin32.log"
"Mar 20 2009","2454912","259243201","79.55","1.23e-7","2.72e-8","-1.99","0","96.42","1e-8","0","bin33.log"
"Mar 27 2009","2454919","259848001","31.3","5.98e-8","2.00e-8","-1.99","0","91.31","1e-8","0","bin34.log"
"Apr 03 2009","2454926","260452801","25.09","5.15e-8","1.85e-8","-1.99","0","86.14","1e-8","0","bin35.log"
"Apr 10 2009","2454933","261057601","8.59","2.48e-8","1.31e-8","-1.99","0","80.87","1e-8","0","bin36.log"
"Apr 17 2009","2454940","261662401","232.74","2.05e-7","2.80e-8","-1.99","0","75.47","1e-8","0","bin37.log"
"Apr 24 2009","2454947","262267201","114.62","1.55e-7","2.70e-8","-1.99","0","69.92","1e-8","0","bin38.log"
"May 01 2009","2454954","262872001","149.41","1.68e-7","2.70e-8","-1.99","0","64.20","1e-8","0","bin39.log"
"May 08 2009","2454961","263476801","97.71","1.50e-7","2.80e-8","-1.99","0","58.31","1e-8","0","bin40.log"
"May 15 2009","2454968","264081601","145.38","1.66e-7","2.70e-8","-1.99","0","52.25","1e-8","0","bin41.log"
"May 22 2009","2454975","264686401","264.06","2.99e-7","3.70e-8","-1.99","0","46.05","1e-8","0","bin42.log"
"May 29 2009","2454982","265291201","218.92","2.46e-7","3.10e-8","-1.99","0","39.76","1e-8","0","bin43.log"
"Jun 05 2009","2454988","265896001","164.93","1.83e-7","2.70e-8","-1.99","0","33.47","1e-8","0","bin44.log"
"Jun 12 2009","2454995","266500801","416.81","3.20e-7","3.40e-8","-1.99","0","27.36","1e-8","0","bin45.log"
"Jun 19 2009","2455002","267105601","299.19","2.54e-7","2.90e-8","-1.99","0","21.74","1e-8","0","bin46.log"
"Jun 26 2009","2455009","267710401","139.29","1.59e-7","2.60e-8","-1.99","0","17.29","1e-8","0","bin47.log"
"Jul 03 2009","2455017","268315201","112.62","1.43e-7","2.80e-8","-1.99","0","15.22","1e-8","0","bin48.log"
"Jul 10 2009","2455024","268920001","201.5","2.48e-7","3.50e-8","-1.99","0","16.52","1e-8","0","bin49.log"
"Jul 17 2009","2455031","269524801","276.51","2.82e-7","3.30e-8","-1.99","0","20.55","1e-8","0","bin50.log"
"Jul 24 2009","2455038","270129601","285.5","2.58e-7","3.20e-8","-1.99","0","26.05","1e-8","0","bin51.log"
"Jul 31 2009","2455045","270734401","668.76","4.18e-7","3.50e-8","-1.99","0","32.24","1e-8","0","bin52.log"
"Aug 07 2009","2455051","271339201","428.18","3.26e-7","3.30e-8","-1.99","0","38.75","1e-8","0","bin53.log"
"Aug 14 2009","2455058","271944001","486.47","3.47e-7","3.20e-8","-1.99","0","45.41","1e-8","0","bin54.log"
"Aug 21 2009","2455065","272548801","375.04","3.34e-7","3.60e-8","-1.99","0","52.14","1e-8","0","bin55.log"
"Aug 28 2009","2455072","273153601","363.28","3.50e-7","3.70e-8","-1.99","0","58.91","1e-8","0","bin56.log"
"Sep 04 2009","2455079","273758401","233.4","2.28e-7","2.90e-8","-1.99","0","65.69","1e-8","0","bin57.log"
"Sep 11 2009","2455086","274363201","234.91","1.98e-7","2.60e-8","-1.99","0","72.48","1e-8","0","bin58.log"
"Sep 18 2009","2455093","274968001","253.73","2.26e-7","2.80e-8","-1.99","0","79.29","1e-8","0","bin59.log"
"Sep 25 2009","2455100","275572801","242.65","1.99e-7","2.60e-8","-1.99","0","86.12","1e-8","0","bin60.log"
"Oct 02 2009","2455107","276177601","747.41","4.21e-7","3.40e-8","-1.99","0","92.98","1e-8","0","bin61.log"
"Oct 09 2009","2455114","276782401","636.75","4.17e-7","3.60e-8","-1.99","0","99.88","1e-8","0","bin62.log"
"Oct 16 2009","2455121","277387201","209.47","2.21e-7","2.90e-8","-1.99","0","106.81","1e-8","0","bin63.log"
"Oct 23 2009","2455128","277992001","258.44","2.41e-7","3.00e-8","-1.99","0","113.78","1e-8","0","bin64.log"
"Oct 30 2009","2455135","278596801","233.01","1.93e-7","2.60e-8","-1.99","0","120.77","1e-8","0","bin65.log"
"Nov 06 2009","2455142","279201601","86.11","1.06e-7","2.02e-8","-1.99","0","127.74","1e-8","0","bin66.log"
"Nov 13 2009","2455149","279806401","8.57","4.42e-8","1.89e-8","-1.99","0","134.64","1e-8","0","bin67.log"
"Nov 20 2009","2455156","280411201","41.48","7.62e-8","1.90e-8","-1.99","0","141.34","1e-8","0","bin68.log"
"Nov 27 2009","2455163","281016001","56.76","6.78e-8","1.82e-8","-1.99","0","147.67","1e-8","0","bin69.log"
"Dec 04 2009","2455170","281620801","45.37","5.55e-8","1.56e-8","-1.99","0","153.25","1e-8","0","bin70.log"
"Dec 11 2009","2455177","282225601","46.7","6.77e-8","1.77e-8","-1.99","0","157.48","1e-8","0","bin71.log"
"Dec 18 2009","2455184","282830401","54.53","8.37e-8","1.94e-8","-1.99","0","159.51","1e-8","0","bin72.log"
"Dec 25 2009","2455191","283435201","26.93","4.46e-8","1.57e-8","-1.99","0","158.77","1e-8","0","bin73.log"
"Jan 01 2010","2455197","284040001","41.97","5.96e-8","1.61e-8","-1.99","0","155.65","1e-8","0","bin74.log"
"Jan 08 2010","2455204","284644801","68.57","7.15e-8","1.78e-8","-1.99","0","151.06","1e-8","0","bin75.log"
"Jan 15 2010","2455211","285249601","80.52","1.14e-7","2.22e-8","-1.99","0","145.74","1e-8","0","bin76.log"
"Jan 22 2010","2455218","285854401","59.65","8.44e-8","2.04e-8","-1.99","0","140.12","1e-8","0","bin77.log"
"Jan 29 2010","2455225","286459201","135.91","1.35e-7","2.30e-8","-1.99","0","134.45","1e-8","0","bin78.log"
"Feb 05 2010","2455232","287064001","158.11","1.77e-7","2.50e-8","-1.99","0","128.83","1e-8","0","bin79.log"
"Feb 12 2010","2455239","287668801","80.01","1.12e-7","2.29e-8","-1.99","0","123.33","1e-8","0","bin80.log"
"Feb 19 2010","2455246","288273601","129.86","1.35e-7","2.30e-8","-1.99","0","117.95","1e-8","0","bin81.log"
"Feb 26 2010","2455253","288878401","566.7","3.56e-7","3.20e-8","-1.99","0","112.69","1e-8","0","bin82.log"
"Mar 05 2010","2455262","289483201","340.11","2.63e-7","2.80e-8","-1.99","0","107.52","1e-8","0","bin83.log"
"Mar 12 2010","2455269","290088001","545.01","3.65e-7","3.30e-8","-1.99","0","102.41","1e-8","0","bin84.log"
"Mar 19 2010","2455276","290692801","68.48","1.11e-7","2.27e-8","-1.99","0","97.32","1e-8","0","bin85.log"
"Mar 26 2010","2455283","291297601","263.73","2.38e-7","2.90e-8","-1.99","0","92.22","1e-8","0","bin86.log"
"Apr 02 2010","2455290","291902401","289.84","2.43e-7","2.90e-8","-1.99","0","87.06","1e-8","0","bin87.log"
"Apr 09 2010","2455297","292507201","92.02","1.14e-7","2.25e-8","-1.99","0","81.81","1e-8","0","bin88.log"
"Apr 16 2010","2455304","293112001","467.61","3.20e-7","3.10e-8","-1.99","0","76.44","1e-8","0","bin89.log"
"Apr 23 2010","2455311","293716801","362.01","3.03e-7","3.00e-8","-1.99","0","70.91","1e-8","0","bin90.log"
"Apr 30 2010","2455318","294321601","231.61","2.06e-7","2.70e-8","-1.99","0","65.22","1e-8","0","bin91.log"
"May 07 2010","2455325","294926401","229.72","2.07e-7","2.60e-8","-1.99","0","59.36","1e-8","0","bin92.log"
"May 14 2010","2455332","295531201","34.78","5.73e-8","1.72e-8","-1.99","0","53.33","1e-8","0","bin93.log"
"May 21 2010","2455339","296136001","245.52","2.45e-7","3.00e-8","-1.99","0","47.16","1e-8","0","bin94.log"
"May 28 2010","2455346","296740801","568.06","4.07e-7","3.60e-8","-1.99","0","40.88","1e-8","0","bin95.log"
"Jun 04 2010","2455353","297345601","461.84","3.21e-7","3.10e-8","-1.99","0","34.58","1e-8","0","bin96.log"
"Jun 11 2010","2455360","297950401","532.29","3.43e-7","3.30e-8","-1.99","0","28.42","1e-8","0","bin97.log"
"Jun 18 2010","2455367","298555201","281.51","2.38e-7","2.80e-8","-1.99","0","22.68","1e-8","0","bin98.log"
"Jun 25 2010","2455374","299160001","204.95","1.88e-7","2.60e-8","-1.99","0","17.95","1e-8","0","bin99.log"
"Jul 02 2010","2455381","299764801","407.63","2.89e-7","2.90e-8","-1.99","0","15.36","1e-8","0","bin100.log"
"Jul 09 2010","2455388","300369601","297.06","2.51e-7","2.80e-8","-1.99","0","16.05","1e-8","0","bin101.log"
"Jul 16 2010","2455395","300974401","281.61","2.47e-7","2.90e-8","-1.99","0","19.70","1e-8","0","bin102.log"
"Jul 23 2010","2455402","301579201","284","2.37e-7","2.90e-8","-1.99","0","25.01","1e-8","0","bin103.log"
"Jul 30 2010","2455409","302184001","238.22","2.04e-7","2.60e-8","-1.99","0","31.11","1e-8","0","bin104.log"
"Aug 06 2010","2455416","302788801","500.21","3.26e-7","3.10e-8","-1.99","0","37.58","1e-8","0","bin105.log"
"Aug 13 2010","2455423","303393601","341.88","2.73e-7","3.00e-8","-1.99","0","44.22","1e-8","0","bin106.log"
"Aug 20 2010","2455430","303998401","238.71","1.91e-7","2.50e-8","-1.99","0","50.94","1e-8","0","bin107.log"
"Aug 27 2010","2455437","304603201","108","1.08e-7","2.06e-8","-1.99","0","57.71","1e-8","0","bin108.log"
"Sep 03 2010","2455443","305208001","141.2","1.50e-7","2.30e-8","-1.99","0","64.48","1e-8","0","bin109.log"
"Sep 10 2010","2455450","305812801","314.19","2.36e-7","2.90e-8","-1.99","0","71.27","1e-8","0","bin110.log"
"Sep 17 2010","2455457","306417601","288.39","2.56e-7","3.00e-8","-1.99","0","78.08","1e-8","0","bin111.log"
"Sep 24 2010","2455464","307022401","298.92","2.60e-7","3.10e-8","-1.99","0","84.91","1e-8","0","bin112.log"
"Oct 01 2010","2455471","307627201","217.57","1.73e-7","2.40e-8","-1.99","0","91.76","1e-8","0","bin113.log"
"Oct 08 2010","2455478","308232001","207.94","1.71e-7","2.50e-8","-1.99","0","98.65","1e-8","0","bin114.log"
"Oct 15 2010","2455485","308836801","142.07","1.51e-7","2.40e-8","-1.99","0","105.58","1e-8","0","bin115.log"
"Oct 22 2010","2455492","309441601","55.27","7.62e-8","1.93e-8","-1.99","0","112.54","1e-8","0","bin116.log"
"Oct 29 2010","2455499","310046401","88.38","1.04e-7","2.13e-8","-1.99","0","119.53","1e-8","0","bin117.log"
"Nov 05 2010","2455506","310651201","125.53","1.40e-7","2.30e-8","-1.99","0","126.51","1e-8","0","bin118.log"
"Nov 12 2010","2455513","311256001","211.98","1.93e-7","2.50e-8","-1.99","0","133.42","1e-8","0","bin119.log"
"Nov 19 2010","2455520","311860801","109.24","1.29e-7","2.30e-8","-1.99","0","140.18","1e-8","0","bin120.log"
"Nov 26 2010","2455527","312465601","136.97","1.51e-7","2.50e-8","-1.99","0","146.58","1e-8","0","bin121.log"
"Dec 03 2010","2455534","313070401","128.55","1.47e-7","2.40e-8","-1.99","0","152.33","1e-8","0","bin122.log"
"Dec 10 2010","2455541","313675201","243.94","2.27e-7","2.90e-8","-1.99","0","156.86","1e-8","0","bin123.log"
"Dec 17 2010","2455548","314280001","100.24","1.40e-7","2.50e-8","-1.99","0","159.34","1e-8","0","bin124.log"
"Dec 24 2010","2455555","314884801","145.14","1.61e-7","2.60e-8","-1.99","0","159.10","1e-8","0","bin125.log"
"Dec 31 2010","2455562","315489601","69.77","1.07e-7","2.42e-8","-1.99","0","156.34","1e-8","0","bin126.log"
"Jan 07 2011","2455569","316094401","82.53","9.33e-8","1.94e-8","-1.99","0","151.95","1e-8","0","bin127.log"
"Jan 14 2011","2455576","316699201","64.29","8.17e-8","1.83e-8","-1.99","0","146.72","1e-8","0","bin128.log"
"Jan 21 2011","2455583","317304001","123.3","1.33e-7","2.30e-8","-1.99","0","141.13","1e-8","0","bin129.log"
"Jan 28 2011","2455590","317908801","130.06","1.29e-7","2.20e-8","-1.99","0","135.45","1e-8","0","bin130.log"
"Feb 04 2011","2455596","318513601","66.53","9.65e-8","2.02e-8","-1.99","0","129.82","1e-8","0","bin131.log"
"Feb 11 2011","2455603","319118401","41.52","7.85e-8","2.13e-8","-1.99","0","124.30","1e-8","0","bin132.log"
"Feb 18 2011","2455610","319723201","57.49","9.56e-8","2.14e-8","-1.99","0","118.89","1e-8","0","bin133.log"
"Feb 25 2011","2455617","320328001","475.27","3.79e-7","3.50e-8","-1.99","0","113.61","1e-8","0","bin134.log"
"Mar 04 2011","2455627","320932801","983.63","5.57e-7","4.00e-8","-1.99","0","108.43","1e-8","0","bin135.log"
"Mar 11 2011","2455634","321537601","470.12","3.64e-7","3.40e-8","-1.99","0","103.31","1e-8","0","bin136.log"
"Mar 18 2011","2455641","322142401","117.99","1.43e-7","2.40e-8","-1.99","0","98.23","1e-8","0","bin137.log"
"Mar 25 2011","2455648","322747201","94.9","1.22e-7","2.38e-8","-1.99","0","93.13","1e-8","0","bin138.log"
"Apr 01 2011","2455654","323352001","126.57","1.61e-7","2.60e-8","-1.99","0","87.98","1e-8","0","bin139.log"
"Apr 08 2011","2455661","323956801","175.38","1.58e-7","2.40e-8","-1.99","0","82.75","1e-8","0","bin140.log"
"Apr 15 2011","2455668","324561601","188.83","1.73e-7","2.40e-8","-1.99","0","77.40","1e-8","0","bin141.log"
"Apr 22 2011","2455675","325166401","49.5","7.61e-8","1.92e-8","-1.99","0","71.90","1e-8","0","bin142.log"
"Apr 29 2011","2455682","325771201","23.07","4.86e-8","1.65e-8","-1.99","0","66.25","1e-8","0","bin143.log"
"May 06 2011","2455689","326376001","116.99","1.21e-7","2.13e-8","-1.99","0","60.42","1e-8","0","bin144.log"
"May 13 2011","2455696","326980801","125.1","1.54e-7","2.50e-8","-1.99","0","54.41","1e-8","0","bin145.log"
"May 20 2011","2455703","327585601","22.93","4.92e-8","1.70e-8","-1.99","0","48.26","1e-8","0","bin146.log"
"May 27 2011","2455710","328190401","124.78","1.56e-7","2.60e-8","-1.99","0","42.00","1e-8","0","bin147.log"
"Jun 03 2011","2455717","328795201","272.83","2.73e-7","3.20e-8","-1.99","0","35.69","1e-8","0","bin148.log"
"Jun 10 2011","2455724","329400001","337.79","2.79e-7","3.10e-8","-1.99","0","29.49","1e-8","0","bin149.log"
"Jun 17 2011","2455731","330004801","350.62","3.19e-7","3.20e-8","-1.99","0","23.64","1e-8","0","bin150.log"
"Jun 24 2011","2455738","330609601","147.78","1.45e-7","2.40e-8","-1.99","0","18.67","1e-8","0","bin151.log"
"Jul 01 2011","2455745","331214401","36.73","5.83e-8","1.71e-8","-1.99","0","15.60","1e-8","0","bin152.log"
"Jul 08 2011","2455752","331819201","637.89","4.28e-7","3.60e-8","-1.99","0","15.68","1e-8","0","bin153.log"
"Jul 15 2011","2455759","332424001","685.45","5.13e-7","3.90e-8","-1.99","0","18.89","1e-8","0","bin154.log"
"Jul 22 2011","2455766","333028801","84.84","1.02e-7","2.15e-8","-1.99","0","23.99","1e-8","0","bin155.log"
"Jul 29 2011","2455773","333633601","78.9","1.07e-7","2.14e-8","-1.99","0","29.99","1e-8","0","bin156.log"
"Aug 05 2011","2455780","334238401","64.11","1.02e-7","2.21e-8","-1.99","0","36.41","1e-8","0","bin157.log"
"Aug 12 2011","2455787","334843201","252.11","1.98e-7","2.60e-8","-1.99","0","43.03","1e-8","0","bin158.log"
"Aug 19 2011","2455794","335448001","180.37","1.80e-7","2.50e-8","-1.99","0","49.75","1e-8","0","bin159.log"
"Aug 26 2011","2455801","336052801","278.39","2.34e-7","2.90e-8","-1.99","0","56.50","1e-8","0","bin160.log"
"Sep 02 2011","2455807","336657601","351.28","3.00e-7","3.30e-8","-1.99","0","63.28","1e-8","0","bin161.log"
"Sep 09 2011","2455814","337262401","654.12","4.17e-7","3.30e-8","-1.99","0","70.07","1e-8","0","bin162.log"
"Sep 16 2011","2455821","337867201","270.25","2.38e-7","2.90e-8","-1.99","0","76.87","1e-8","0","bin163.log"
"Sep 23 2011","2455828","338472001","219.38","2.17e-7","2.90e-8","-1.99","0","83.69","1e-8","0","bin164.log"
"Sep 30 2011","2455835","339076801","310.2","2.81e-7","3.20e-8","-1.99","0","90.54","1e-8","0","bin165.log"
"Oct 07 2011","2455843","339681601","426.29","3.25e-7","3.20e-8","-1.99","0","97.43","1e-8","0","bin166.log"
"Oct 14 2011","2455850","340286401","343.02","2.70e-7","2.90e-8","-1.99","0","104.35","1e-8","0","bin167.log"
"Oct 21 2011","2455857","340891201","1473.86","7.94e-7","4.60e-8","-1.99","0","111.31","1e-8","0","bin168.log"
"Oct 28 2011","2455864","341496001","563.91","3.97e-7","3.50e-8","-1.99","0","118.29","1e-8","0","bin169.log"
"Nov 04 2011","2455870","342100801","272.95","2.60e-7","3.10e-8","-1.99","0","125.27","1e-8","0","bin170.log"
"Nov 11 2011","2455877","342705601","148.67","1.46e-7","2.40e-8","-1.99","0","132.20","1e-8","0","bin171.log"
"Nov 18 2011","2455884","343310401","142.81","1.73e-7","2.70e-8","-1.99","0","139.00","1e-8","0","bin172.log"
"Nov 25 2011","2455891","343915201","276.85","2.32e-7","2.80e-8","-1.99","0","145.48","1e-8","0","bin173.log"
"Dec 02 2011","2455899","344520001","156.99","1.61e-7","2.50e-8","-1.99","0","151.38","1e-8","0","bin174.log"
"Dec 09 2011","2455906","345124801","365.21","2.85e-7","2.90e-8","-1.99","0","156.18","1e-8","0","bin175.log"
"Dec 16 2011","2455913","345729601","270.99","2.41e-7","2.90e-8","-1.99","0","159.09","1e-8","0","bin176.log"
"Dec 23 2011","2455920","346334401","303.35","2.22e-7","2.70e-8","-1.99","0","159.35","1e-8","0","bin177.log"
"Dec 30 2011","2455927","346939201","289.11","2.58e-7","3.00e-8","-1.99","0","156.98","1e-8","0","bin178.log"
"Jan 06 2012","2455933","347544001","332.81","2.91e-7","3.30e-8","-1.99","0","152.81","1e-8","0","bin179.log"
"Jan 13 2012","2455940","348148801","137.04","1.54e-7","2.40e-8","-1.99","0","147.68","1e-8","0","bin180.log"
"Jan 20 2012","2455947","348753601","122","1.07e-7","2.04e-8","-1.99","0","142.13","1e-8","0","bin181.log"
"Jan 27 2012","2455954","349358401","188.82","1.97e-7","2.70e-8","-1.99","0","136.46","1e-8","0","bin182.log"
"Feb 03 2012","2455960","349963201","638.38","4.22e-7","3.60e-8","-1.99","0","130.82","1e-8","0","bin183.log"
"Feb 10 2012","2455967","350568001","290.02","2.36e-7","2.70e-8","-1.99","0","125.27","1e-8","0","bin184.log"
"Feb 17 2012","2455974","351172801","211.13","1.88e-7","2.70e-8","-1.99","0","119.84","1e-8","0","bin185.log"
"Feb 24 2012","2455981","351777601","654.15","4.44e-7","3.70e-8","-1.99","0","114.54","1e-8","0","bin186.log"
"Mar 02 2012","2455990","352382401","518.1","3.60e-7","3.50e-8","-1.99","0","109.34","1e-8","0","bin187.log"
"Mar 09 2012","2455997","352987201","472.16","2.67e-7","2.50e-8","-1.99","0","104.22","1e-8","0","bin188.log"
"Mar 16 2012","2456004","353592001","520.06","3.45e-7","3.10e-8","-1.99","0","99.13","1e-8","0","bin189.log"
"Mar 23 2012","2456011","354196801","777.65","4.51e-7","3.60e-8","-1.99","0","94.04","1e-8","0","bin190.log"
"Mar 30 2012","2456018","354801601","427.86","3.22e-7","3.20e-8","-1.99","0","88.90","1e-8","0","bin191.log"
"Apr 06 2012","2456024","355406401","345.31","2.78e-7","3.00e-8","-1.99","0","83.69","1e-8","0","bin192.log"
"Apr 13 2012","2456031","356011201","360.23","2.55e-7","2.80e-8","-1.99","0","78.36","1e-8","0","bin193.log"
"Apr 20 2012","2456038","356616001","499.73","3.80e-7","3.80e-8","-1.99","0","72.89","1e-8","0","bin194.log"
"Apr 27 2012","2456045","357220801","679.41","3.96e-7","3.30e-8","-1.99","0","67.26","1e-8","0","bin195.log"
"May 04 2012","2456053","357825601","765.32","4.40e-7","3.40e-8","-1.99","0","61.46","1e-8","0","bin196.log"
"May 11 2012","2456060","358430401","582.99","3.45e-7","3.20e-8","-1.99","0","55.49","1e-8","0","bin197.log"
"May 18 2012","2456067","359035201","358.96","2.55e-7","2.90e-8","-1.99","0","49.36","1e-8","0","bin198.log"
"May 25 2012","2456074","359640001","810.81","4.25e-7","3.30e-8","-1.99","0","43.11","1e-8","0","bin199.log"
"Jun 01 2012","2456080","360244801","603.15","3.61e-7","3.40e-8","-1.99","0","36.81","1e-8","0","bin200.log"
"Jun 08 2012","2456087","360849601","464.69","3.24e-7","3.20e-8","-1.99","0","30.58","1e-8","0","bin201.log"
"Jun 15 2012","2456094","361454401","223.4","2.02e-7","2.80e-8","-1.99","0","24.64","1e-8","0","bin202.log"
"Jun 22 2012","2456101","362059201","448.9","2.98e-7","3.00e-8","-1.99","0","19.45","1e-8","0","bin203.log"
"Jun 29 2012","2456108","362664001","577.11","3.86e-7","3.30e-8","-1.99","0","15.94","1e-8","0","bin204.log"
"Jul 06 2012","2456116","363268801","1368.3","6.39e-7","3.70e-8","-1.99","0","15.41","1e-8","0","bin205.log"
"Jul 13 2012","2456123","363873601","381.41","3.16e-7","3.30e-8","-1.99","0","18.15","1e-8","0","bin206.log"
"Jul 20 2012","2456130","364478401","270.51","2.52e-7","3.00e-8","-1.99","0","23.00","1e-8","0","bin207.log"
"Jul 27 2012","2456137","365083201","363.1","2.98e-7","3.20e-8","-1.99","0","28.89","1e-8","0","bin208.log"
"Aug 03 2012","2456143","365688001","1587.98","8.06e-7","4.50e-8","-1.99","0","35.26","1e-8","0","bin209.log"
"Aug 10 2012","2456150","366292801","456.96","3.19e-7","3.10e-8","-1.99","0","41.85","1e-8","0","bin210.log"
"Aug 17 2012","2456157","366897601","894.92","5.38e-7","4.00e-8","-1.99","0","48.55","1e-8","0","bin211.log"
"Aug 24 2012","2456164","367502401","437.46","3.26e-7","3.20e-8","-1.99","0","55.30","1e-8","0","bin212.log"
"Aug 31 2012","2456171","368107201","334.73","2.78e-7","3.10e-8","-1.99","0","62.08","1e-8","0","bin213.log"
"Sep 07 2012","2456177","368712001","1032.34","5.98e-7","4.10e-8","-1.99","0","68.86","1e-8","0","bin214.log"
"Sep 14 2012","2456184","369316801","1094.41","6.34e-7","4.40e-8","-1.99","0","75.66","1e-8","0","bin215.log"
"Sep 21 2012","2456191","369921601","345.89","2.64e-7","2.80e-8","-1.99","0","82.48","1e-8","0","bin216.log"
"Sep 28 2012","2456198","370526401","1072.78","4.02e-7","2.60e-8","-1.99","0","89.32","1e-8","0","bin217.log"
"Oct 05 2012","2456206","371131201","362.33","2.65e-7","3.00e-8","-1.99","0","96.20","1e-8","0","bin218.log"
"Oct 12 2012","2456213","371736001","454.59","3.18e-7","3.00e-8","-1.99","0","103.12","1e-8","0","bin219.log"
"Oct 19 2012","2456220","372340801","135.98","1.42e-7","2.30e-8","-1.99","0","110.07","1e-8","0","bin220.log"
"Oct 26 2012","2456227","372945601","232","2.19e-7","2.90e-8","-1.99","0","117.05","1e-8","0","bin221.log"
"Nov 02 2012","2456233","373550401","430.33","3.06e-7","3.20e-8","-1.99","0","124.03","1e-8","0","bin222.log"
"Nov 09 2012","2456240","374155201","442.22","3.37e-7","3.30e-8","-1.99","0","130.98","1e-8","0","bin223.log"
"Nov 16 2012","2456247","374760001","343.8","2.67e-7","2.90e-8","-1.99","0","137.81","1e-8","0","bin224.log"
"Nov 23 2012","2456254","375364801","57.85","8.64e-8","2.08e-8","-1.99","0","144.36","1e-8","0","bin225.log"
"Nov 30 2012","2456261","375969601","53.38","8.16e-8","2.05e-8","-1.99","0","150.40","1e-8","0","bin226.log"
"Dec 07 2012","2456269","376574401","190.34","1.89e-7","2.60e-8","-1.99","0","155.44","1e-8","0","bin227.log"
"Dec 14 2012","2456276","377179201","262.47","2.53e-7","3.10e-8","-1.99","0","158.75","1e-8","0","bin228.log"
"Dec 21 2012","2456283","377784001","205.73","1.89e-7","2.60e-8","-1.99","0","159.51","1e-8","0","bin229.log"
"Dec 28 2012","2456290","378388801","99.36","1.10e-7","2.07e-8","-1.99","0","157.56","1e-8","0","bin230.log"
"Jan 04 2013","2456296","378993601","94.74","1.11e-7","2.20e-8","-1.99","0","153.64","1e-8","0","bin231.log"
"Jan 11 2013","2456303","379598401","82.08","9.23e-8","2.02e-8","-1.99","0","148.63","1e-8","0","bin232.log"
"Jan 18 2013","2456310","380203201","46.04","6.93e-8","1.85e-8","-1.99","0","143.14","1e-8","0","bin233.log"
"Jan 25 2013","2456317","380808001","38.16","7.06e-8","1.92e-8","-1.99","0","137.47","1e-8","0","bin234.log"
"Feb 01 2013","2456324","381412801","64.88","1.06e-7","2.19e-8","-1.99","0","131.81","1e-8","0","bin235.log"
"Feb 08 2013","2456331","382017601","134.51","1.30e-7","2.30e-8","-1.99","0","126.24","1e-8","0","bin236.log"
"Feb 15 2013","2456338","382622401","68.18","8.97e-8","1.99e-8","-1.99","0","120.80","1e-8","0","bin237.log"
"Feb 22 2013","2456345","383227201","172.53","1.85e-7","2.60e-8","-1.99","0","115.48","1e-8","0","bin238.log"
"Mar 01 2013","2456354","383832001","98.15","1.02e-7","2.02e-8","-1.99","0","110.26","1e-8","0","bin239.log"
"Mar 08 2013","2456361","384436801","221.47","2.00e-7","2.50e-8","-1.99","0","105.13","1e-8","0","bin240.log"
"Mar 15 2013","2456368","385041601","260.1","2.21e-7","2.70e-8","-1.99","0","100.03","1e-8","0","bin241.log"
"Mar 22 2013","2456375","385646401","279.15","2.14e-7","2.60e-8","-1.99","0","94.94","1e-8","0","bin242.log"
"Mar 29 2013","2456382","386251201","66.2","7.62e-8","1.79e-8","-1.99","0","89.82","1e-8","0","bin243.log"
"Apr 05 2013","2456389","386856001","528.39","3.29e-7","3.00e-8","-1.99","0","84.62","1e-8","0","bin244.log"
"Apr 12 2013","2456396","387460801","830.92","4.31e-7","3.30e-8","-1.99","0","79.31","1e-8","0","bin245.log"
"Apr 19 2013","2456403","388065601","953.99","5.85e-7","4.30e-8","-1.99","0","73.87","1e-8","0","bin246.log"
"Apr 26 2013","2456410","388670401","591.43","3.77e-7","3.60e-8","-1.99","0","68.27","1e-8","0","bin247.log"
"May 03 2013","2456417","389275201","207.88","1.99e-7","2.70e-8","-1.99","0","62.50","1e-8","0","bin248.log"
"May 10 2013","2456424","389880001","207.21","2.01e-7","2.80e-8","-1.99","0","56.56","1e-8","0","bin249.log"
"May 17 2013","2456431","390484801","558.91","2.51e-7","2.20e-8","-1.99","0","50.46","1e-8","0","bin250.log"
"May 24 2013","2456438","391089601","442.62","3.69e-7","3.60e-8","-1.99","0","44.23","1e-8","0","bin251.log"
"May 31 2013","2456445","391694401","491.53","3.53e-7","3.30e-8","-1.99","0","37.93","1e-8","0","bin252.log"
"Jun 07 2013","2456451","392299201","280.41","2.43e-7","2.80e-8","-1.99","0","31.67","1e-8","0","bin253.log"
"Jun 14 2013","2456458","392904001","373.86","3.00e-7","3.20e-8","-1.99","0","25.65","1e-8","0","bin254.log"
"Jun 21 2013","2456465","393508801","278","2.50e-7","3.00e-8","-1.99","0","20.28","1e-8","0","bin255.log"
"Jun 28 2013","2456472","394113601","111.96","1.31e-7","2.40e-8","-1.99","0","16.38","1e-8","0","bin256.log"
"Jul 05 2013","2456480","394718401","103.13","1.02e-7","1.98e-8","-1.99","0","15.25","1e-8","0","bin257.log"
"Jul 12 2013","2456487","395323201","37.33","7.34e-8","1.93e-8","-1.99","0","17.47","1e-8","0","bin258.log"
"Jul 19 2013","2456494","395928001","49.75","8.59e-8","2.08e-8","-1.99","0","22.04","1e-8","0","bin259.log"
"Jul 26 2013","2456501","396532801","23.54","2.94e-8","1.26e-8","-1.99","0","27.80","1e-8","0","bin260.log"
"Aug 02 2013","2456507","397137601","50.2","7.40e-8","1.99e-8","-1.99","0","34.10","1e-8","0","bin261.log"
"Aug 09 2013","2456514","397742401","7.21","1.07e-8","8.35e-9","-1.99","0","40.67","1e-8","0","bin262.log"
"Aug 16 2013","2456521","398347201","30.55","5.88e-8","1.93e-8","-1.99","0","47.36","1e-8","0","bin263.log"
"Aug 23 2013","2456528","398952001","78.36","1.05e-7","2.28e-8","-1.99","0","54.10","1e-8","0","bin264.log"
"Aug 30 2013","2456535","399556801","16.17","3.58e-8","1.42e-8","-1.99","0","60.87","1e-8","0","bin265.log"
"Sep 06 2013","2456542","400161601","19.59","4.08e-8","1.51e-8","-1.99","0","67.66","1e-8","0","bin266.log"
"Sep 13 2013","2456549","400766401","55.47","6.61e-8","1.78e-8","-1.99","0","74.45","1e-8","0","bin267.log"
"Sep 20 2013","2456556","401371201","33.6","5.15e-8","1.65e-8","-1.99","0","81.27","1e-8","0","bin268.log"
"Sep 27 2013","2456563","401976001","2.45","3.25e-8","0","0","0","88.11","1e-8","0","bin269.log"
"Oct 04 2013","2456570","402580801","7.31","1.37e-8","9.47e-9","-1.99","0","94.98","1e-8","0","bin270.log"
"Oct 11 2013","2456577","403185601","4.91","2.51e-8","1.44e-8","-1.99","0","101.88","1e-8","0","bin271.log"
"Oct 18 2013","2456584","403790401","97.91","9.11e-8","1.72e-8","-1.99","0","108.83","1e-8","0","bin272.log"
"Oct 25 2013","2456591","404395201","78.52","1.50e-7","3.30e-8","-1.99","0","115.81","1e-8","0","bin273.log"
"Nov 01 2013","2456598","405000001","74.74","9.87e-8","2.15e-8","-1.99","0","122.79","1e-8","0","bin274.log"
"Nov 08 2013","2456605","405604801","77.37","8.84e-8","1.94e-8","-1.99","0","129.75","1e-8","0","bin275.log"
"Nov 15 2013","2456612","406209601","75.89","1.04e-7","2.15e-8","-1.99","0","136.61","1e-8","0","bin276.log"
"Nov 22 2013","2456619","406814401","26.25","5.24e-8","1.64e-8","-1.99","0","143.23","1e-8","0","bin277.log"
"Nov 29 2013","2456626","407419201","0.38","3.59e-8","0","0","0","149.38","1e-8","0","bin278.log"
"Dec 06 2013","2456633","408024001","5.81","1.94e-8","1.79e-8","-1.99","0","154.64","1e-8","0","bin279.log"
"Dec 13 2013","2456640","408628801","7.53","4.54e-8","2.56e-8","-1.99","0","158.33","1e-8","0","bin280.log"
"Dec 20 2013","2456647","409233601","104.76","9.10e-8","2.14e-8","-1.99","0","159.58","1e-8","0","bin281.log"
"Dec 27 2013","2456654","409838401","52.94","8.79e-8","1.96e-8","-1.99","0","158.08","1e-8","0","bin282.log"
"Jan 03 2014","2456660","410443201","6.2","2.47e-8","1.38e-8","-1.99","0","154.44","1e-8","0","bin283.log"
"Jan 10 2014","2456667","411048001","24.93","7.49e-8","2.48e-8","-1.99","0","149.57","1e-8","0","bin284.log"
"Jan 17 2014","2456674","411652801","41.61","1.33e-7","4.73e-8","-1.99","0","144.13","1e-8","0","bin285.log"
"Jan 24 2014","2456681","412257601","105.58","8.83e-8","1.57e-8","-1.99","0","138.48","1e-8","0","bin286.log"
"Jan 31 2014","2456688","412862401","179.97","9.33e-8","1.35e-8","-1.99","0","132.81","1e-8","0","bin287.log"
"Feb 07 2014","2456695","413467201","9.31","3.77e-8","1.65e-8","-1.99","0","127.23","1e-8","0","bin288.log"
"Feb 14 2014","2456702","414072001","24.93","4.55e-8","1.53e-8","-1.99","0","121.76","1e-8","0","bin289.log"
"Feb 21 2014","2456709","414676801","87.99","1.03e-7","1.98e-8","-1.99","0","116.41","1e-8","0","bin290.log"
"Feb 28 2014","2456716","415281601","207.88","3.01e-7","4.50e-8","-1.99","0","111.18","1e-8","0","bin291.log"
"Mar 07 2014","2456725","415886401","78.96","1.45e-7","3.30e-8","-1.99","0","106.03","1e-8","0","bin292.log"
"Mar 14 2014","2456732","416491201","105.1","1.85e-7","3.30e-8","-1.99","0","100.94","1e-8","0","bin293.log"
"Mar 21 2014","2456739","417096001","164.49","1.79e-7","2.90e-8","-1.99","0","95.85","1e-8","0","bin294.log"
"Mar 28 2014","2456746","417700801","63.01","9.38e-8","2.19e-8","-1.99","0","90.73","1e-8","0","bin295.log"
"Apr 04 2014","2456753","418305601","237.84","2.54e-7","3.50e-8","-1.99","0","85.55","1e-8","0","bin296.log"
"Apr 11 2014","2456760","418910401","428.19","3.17e-7","3.30e-8","-1.99","0","80.27","1e-8","0","bin297.log"
"Apr 18 2014","2456767","419515201","1351.46","7.43e-7","4.70e-8","-1.99","0","74.85","1e-8","0","bin298.log"
"Apr 25 2014","2456774","420120001","157.98","1.72e-7","2.60e-8","-1.99","0","69.28","1e-8","0","bin299.log"
"May 02 2014","2456781","420724801","399.96","3.24e-7","3.40e-8","-1.99","0","63.54","1e-8","0","bin300.log"
"May 09 2014","2456788","421329601","706.62","4.08e-7","3.50e-8","-1.99","0","57.63","1e-8","0","bin301.log"
"May 16 2014","2456795","421934401","537.22","3.60e-7","3.30e-8","-1.99","0","51.55","1e-8","0","bin302.log"
"May 23 2014","2456802","422539201","269.98","2.24e-7","2.80e-8","-1.99","0","45.34","1e-8","0","bin303.log"
"May 30 2014","2456809","423144001","181.66","1.79e-7","2.70e-8","-1.99","0","39.05","1e-8","0","bin304.log"
"Jun 06 2014","2456816","423748801","410.67","3.41e-7","3.40e-8","-1.99","0","32.77","1e-8","0","bin305.log"
"Jun 13 2014","2456823","424353601","166.84","1.69e-7","2.50e-8","-1.99","0","26.69","1e-8","0","bin306.log"
"Jun 20 2014","2456830","424958401","367.78","3.09e-7","3.30e-8","-1.99","0","21.16","1e-8","0","bin307.log"
"Jun 27 2014","2456837","425563201","518.93","4.37e-7","3.80e-8","-1.99","0","16.91","1e-8","0","bin308.log"
"Jul 04 2014","2456844","426168001","130.24","1.61e-7","2.40e-8","-1.99","0","15.20","1e-8","0","bin309.log"
"Jul 11 2014","2456851","426772801","108.57","1.40e-7","2.50e-8","-1.99","0","16.86","1e-8","0","bin310.log"
"Jul 18 2014","2456858","427377601","89.38","1.16e-7","2.17e-8","-1.99","0","21.12","1e-8","0","bin311.log"
"Jul 25 2014","2456865","427982401","108.39","1.60e-7","2.70e-8","-1.99","0","26.72","1e-8","0","bin312.log"
"Aug 01 2014","2456872","428587201","493.73","3.48e-7","3.30e-8","-1.99","0","32.96","1e-8","0","bin313.log"
"Aug 08 2014","2456879","429192001","233.47","2.76e-7","3.60e-8","-1.99","0","39.49","1e-8","0","bin314.log"
"Aug 15 2014","2456886","429796801","133.69","3.23e-7","5.70e-8","-1.99","0","46.16","1e-8","0","bin315.log"
"Aug 22 2014","2456893","430401601","290.35","2.97e-7","3.20e-8","-1.99","0","52.90","1e-8","0","bin316.log"
"Aug 29 2014","2456900","431006401","101.03","1.36e-7","2.60e-8","-1.99","0","59.67","1e-8","0","bin317.log"
"Sep 05 2014","2456906","431611201","246.66","2.03e-7","2.70e-8","-1.99","0","66.45","1e-8","0","bin318.log"
"Sep 12 2014","2456913","432216001","394.63","2.76e-7","3.00e-8","-1.99","0","73.25","1e-8","0","bin319.log"
"Sep 19 2014","2456920","432820801","453.38","3.34e-7","3.30e-8","-1.99","0","80.06","1e-8","0","bin320.log"
"Sep 26 2014","2456927","433425601","196.89","2.26e-7","3.10e-8","-1.99","0","86.89","1e-8","0","bin321.log"
"Oct 03 2014","2456934","434030401","91.37","1.48e-7","3.00e-8","-1.99","0","93.75","1e-8","0","bin322.log"
"Oct 10 2014","2456941","434635201","30.69","1.41e-7","4.76e-8","-1.99","0","100.65","1e-8","0","bin323.log"
"Oct 17 2014","2456948","435240001","51.67","1.27e-7","3.05e-8","-1.99","0","107.59","1e-8","0","bin324.log"
"Oct 24 2014","2456955","435844801","183.79","2.06e-7","3.00e-8","-1.99","0","114.57","1e-8","0","bin325.log"
"Oct 31 2014","2456962","436449601","64.05","8.50e-8","1.94e-8","-1.99","0","121.55","1e-8","0","bin326.log"
"Nov 07 2014","2456969","437054401","179.96","1.73e-7","2.50e-8","-1.99","0","128.52","1e-8","0","bin327.log"
"Nov 14 2014","2456976","437659201","662.29","4.34e-7","3.60e-8","-1.99","0","135.40","1e-8","0","bin328.log"
"Nov 21 2014","2456983","438264001","448.91","3.50e-7","3.60e-8","-1.99","0","142.08","1e-8","0","bin329.log"
"Nov 28 2014","2456990","438868801","158.12","2.73e-7","4.50e-8","-1.99","0","148.34","1e-8","0","bin330.log"
"Dec 05 2014","2456997","439473601","83.36","1.24e-7","2.58e-8","-1.99","0","153.80","1e-8","0","bin331.log"
"Dec 12 2014","2457004","440078401","149.21","1.56e-7","2.50e-8","-1.99","0","157.83","1e-8","0","bin332.log"
"Dec 19 2014","2457011","440683201","135.82","1.36e-7","2.20e-8","-1.99","0","159.56","1e-8","0","bin333.log"
"Dec 26 2014","2457018","441288001","138.45","1.63e-7","2.60e-8","-1.99","0","158.53","1e-8","0","bin334.log"
"Jan 02 2015","2457025","441892801","145.24","1.28e-7","2.10e-8","-1.99","0","155.20","1e-8","0","bin335.log"
"Jan 09 2015","2457032","442497601","207.29","2.05e-7","2.60e-8","-1.99","0","150.49","1e-8","0","bin336.log"
"Jan 16 2015","2457039","443102401","945.22","5.48e-7","3.90e-8","-1.99","0","145.12","1e-8","0","bin337.log"
"Jan 23 2015","2457046","443707201","1300.21","6.70e-7","4.20e-8","-1.99","0","139.49","1e-8","0","bin338.log"
"Jan 30 2015","2457053","444312001","383.8","3.05e-7","3.30e-8","-1.99","0","133.82","1e-8","0","bin339.log"
"Feb 06 2015","2457059","444916801","353.54","2.70e-7","3.00e-8","-1.99","0","128.21","1e-8","0","bin340.log"
"Feb 13 2015","2457066","445521601","201.52","1.77e-7","2.40e-8","-1.99","0","122.72","1e-8","0","bin341.log"
"Feb 20 2015","2457073","446126401","95.19","1.17e-7","2.10e-8","-1.99","0","117.36","1e-8","0","bin342.log"
"Feb 27 2015","2457080","446731201","415.38","3.04e-7","3.20e-8","-1.99","0","112.10","1e-8","0","bin343.log"
"Mar 06 2015","2457090","447336001","506.25","3.58e-7","3.30e-8","-1.99","0","106.94","1e-8","0","bin344.log"
"Mar 13 2015","2457097","447940801","501.92","3.70e-7","3.40e-8","-1.99","0","101.84","1e-8","0","bin345.log"
"Mar 20 2015","2457104","448545601","280.3","4.54e-7","5.80e-8","-1.99","0","96.75","1e-8","0","bin346.log"
"Mar 27 2015","2457111","449150401","491.4","4.10e-7","4.10e-8","-1.99","0","91.64","1e-8","0","bin347.log"
"Apr 03 2015","2457117","449755201","1164.45","7.08e-7","4.50e-8","-1.99","0","86.48","1e-8","0","bin348.log"
"Apr 10 2015","2457124","450360001","917.38","5.24e-7","3.70e-8","-1.99","0","81.21","1e-8","0","bin349.log"
"Apr 17 2015","2457131","450964801","1547.1","7.26e-7","4.30e-8","-1.99","0","75.82","1e-8","0","bin350.log"
"Apr 24 2015","2457138","451569601","493.42","3.05e-7","3.10e-8","-1.99","0","70.28","1e-8","0","bin351.log"
"May 01 2015","2457145","452174401","239.11","2.25e-7","2.90e-8","-1.99","0","64.57","1e-8","0","bin352.log"
"May 08 2015","2457152","452779201","480.61","3.48e-7","3.40e-8","-1.99","0","58.69","1e-8","0","bin353.log"
"May 15 2015","2457159","453384001","403.12","2.89e-7","3.00e-8","-1.99","0","52.64","1e-8","0","bin354.log"
"May 22 2015","2457166","453988801","400.26","3.31e-7","3.30e-8","-1.99","0","46.45","1e-8","0","bin355.log"
"May 29 2015","2457173","454593601","655.25","4.47e-7","3.70e-8","-1.99","0","40.17","1e-8","0","bin356.log"
"Jun 05 2015","2457180","455198401","295.1","2.24e-7","2.70e-8","-1.99","0","33.88","1e-8","0","bin357.log"
"Jun 12 2015","2457187","455803201","328.41","2.50e-7","2.70e-8","-1.99","0","27.74","1e-8","0","bin358.log"
"Jun 19 2015","2457194","456408001","235.36","2.31e-7","3.00e-8","-1.99","0","22.08","1e-8","0","bin359.log"
"Jun 26 2015","2457201","457012801","119.92","1.28e-7","2.30e-8","-1.99","0","17.52","1e-8","0","bin360.log"
"Jul 03 2015","2457208","457617601","89.58","1.12e-7","2.05e-8","-1.99","0","15.26","1e-8","0","bin361.log"
"Jul 10 2015","2457215","458222401","202.51","1.77e-7","2.50e-8","-1.99","0","16.34","1e-8","0","bin362.log"
"Jul 17 2015","2457222","458827201","94.3","1.02e-7","2.06e-8","-1.99","0","20.23","1e-8","0","bin363.log"
"Jul 24 2015","2457229","459432001","147.26","1.46e-7","2.40e-8","-1.99","0","25.67","1e-8","0","bin364.log"
"Jul 31 2015","2457236","460036801","42.05","7.11e-8","1.80e-8","-1.99","0","31.82","1e-8","0","bin365.log"
"Aug 07 2015","2457243","460641601","120.28","1.19e-7","2.17e-8","-1.99","0","38.32","1e-8","0","bin366.log"
"Aug 14 2015","2457250","461246401","80.24","1.05e-7","2.12e-8","-1.99","0","44.97","1e-8","0","bin367.log"
"Aug 21 2015","2457257","461851201","12.39","4.09e-8","1.64e-8","-1.99","0","51.70","1e-8","0","bin368.log"
"Aug 28 2015","2457264","462456001","17.68","4.53e-8","1.61e-8","-1.99","0","58.47","1e-8","0","bin369.log"
"Sep 04 2015","2457270","463060801","35.46","5.41e-8","1.72e-8","-1.99","0","65.25","1e-8","0","bin370.log"
"Sep 11 2015","2457277","463665601","58.95","8.02e-8","1.92e-8","-1.99","0","72.04","1e-8","0","bin371.log"
"Sep 18 2015","2457284","464270401","173.81","1.52e-7","2.50e-8","-1.99","0","78.84","1e-8","0","bin372.log"
"Sep 25 2015","2457291","464875201","187.84","1.76e-7","2.50e-8","-1.99","0","85.67","1e-8","0","bin373.log"
"Oct 02 2015","2457299","465480001","180.92","1.50e-7","2.30e-8","-1.99","0","92.53","1e-8","0","bin374.log"
"Oct 09 2015","2457306","466084801","53.02","9.23e-8","2.11e-8","-1.99","0","99.43","1e-8","0","bin375.log"
"Oct 16 2015","2457313","466689601","145.77","1.58e-7","2.50e-8","-1.99","0","106.36","1e-8","0","bin376.log"
"Oct 23 2015","2457320","467294401","138.26","1.58e-7","2.40e-8","-1.99","0","113.33","1e-8","0","bin377.log"
"Oct 30 2015","2457327","467899201","298","2.16e-7","2.60e-8","-1.99","0","120.31","1e-8","0","bin378.log"
"Nov 06 2015","2457333","468504001","1003.06","5.53e-7","3.80e-8","-1.99","0","127.29","1e-8","0","bin379.log"
"Nov 13 2015","2457340","469108801","803.79","4.61e-7","3.60e-8","-1.99","0","134.19","1e-8","0","bin380.log"
"Nov 20 2015","2457347","469713601","1083.57","5.74e-7","4.00e-8","-1.99","0","140.91","1e-8","0","bin381.log"
"Nov 27 2015","2457354","470318401","754.49","4.39e-7","3.50e-8","-1.99","0","147.27","1e-8","0","bin382.log"
"Dec 04 2015","2457362","470923201","308.42","2.34e-7","2.80e-8","-1.99","0","152.91","1e-8","0","bin383.log"
"Dec 11 2015","2457369","471528001","446.97","3.01e-7","3.00e-8","-1.99","0","157.26","1e-8","0","bin384.log"
"Dec 18 2015","2457376","472132801","153.96","1.36e-7","2.20e-8","-1.99","0","159.46","1e-8","0","bin385.log"
"Dec 25 2015","2457383","472737601","178.44","1.70e-7","2.40e-8","-1.99","0","158.91","1e-8","0","bin386.log"
"Jan 01 2016","2457389","473342401","415.66","3.10e-7","3.20e-8","-1.99","0","155.92","1e-8","0","bin387.log"
"Jan 08 2016","2457396","473947201","656.25","4.01e-7","3.40e-8","-1.99","0","151.39","1e-8","0","bin388.log"
"Jan 15 2016","2457403","474552001","461.49","2.67e-7","2.70e-8","-1.99","0","146.10","1e-8","0","bin389.log"
"Jan 22 2016","2457410","475156801","261.3","2.10e-7","2.60e-8","-1.99","0","140.50","1e-8","0","bin390.log"
"Jan 29 2016","2457417","475761601","70.73","8.52e-8","1.93e-8","-1.99","0","134.82","1e-8","0","bin391.log"
"Feb 05 2016","2457423","476366401","125.76","1.54e-7","2.60e-8","-1.99","0","129.20","1e-8","0","bin392.log"
"Feb 12 2016","2457430","476971201","189.98","1.85e-7","2.60e-8","-1.99","0","123.69","1e-8","0","bin393.log"
"Feb 19 2016","2457437","477576001","253.34","1.88e-7","2.40e-8","-1.99","0","118.30","1e-8","0","bin394.log"
"Feb 26 2016","2457444","478180801","195.95","1.59e-7","2.40e-8","-1.99","0","113.03","1e-8","0","bin395.log"
"Mar 04 2016","2457453","478785601","168.91","1.59e-7","2.40e-8","-1.99","0","107.86","1e-8","0","bin396.log"
"Mar 11 2016","2457460","479390401","110.19","1.17e-7","2.09e-8","-1.99","0","102.74","1e-8","0","bin397.log"
"Mar 18 2016","2457467","479995201","256.29","2.24e-7","2.80e-8","-1.99","0","97.66","1e-8","0","bin398.log"
"Mar 25 2016","2457474","480600001","170.2","1.99e-7","2.90e-8","-1.99","0","92.56","1e-8","0","bin399.log"
"Apr 01 2016","2457480","481204801","208.68","1.94e-7","2.60e-8","-1.99","0","87.40","1e-8","0","bin400.log"
"Apr 08 2016","2457487","481809601","145.34","1.45e-7","2.30e-8","-1.99","0","82.16","1e-8","0","bin401.log"
"Apr 15 2016","2457494","482414401","147.09","1.36e-7","2.20e-8","-1.99","0","76.79","1e-8","0","bin402.log"
"Apr 22 2016","2457501","483019201","157.12","1.56e-7","2.30e-8","-1.99","0","71.28","1e-8","0","bin403.log"
"Apr 29 2016","2457508","483624001","227.89","1.65e-7","2.30e-8","-1.99","0","65.60","1e-8","0","bin404.log"
"May 06 2016","2457516","484228801","196.75","1.82e-7","2.50e-8","-1.99","0","59.75","1e-8","0","bin405.log"
"May 13 2016","2457523","484833601","82.85","8.93e-8","1.90e-8","-1.99","0","53.73","1e-8","0","bin406.log"
"May 20 2016","2457530","485438401","72.07","1.01e-7","2.10e-8","-1.99","0","47.56","1e-8","0","bin407.log"
"May 27 2016","2457537","486043201","140.92","1.40e-7","2.20e-8","-1.99","0","41.29","1e-8","0","bin408.log"
"Jun 03 2016","2457543","486648001","139.53","1.48e-7","2.30e-8","-1.99","0","34.99","1e-8","0","bin409.log"
"Jun 10 2016","2457550","487252801","22.48","6.08e-8","2.00e-8","-1.99","0","28.81","1e-8","0","bin410.log"
"Jun 17 2016","2457557","487857601","86.07","1.18e-7","2.29e-8","-1.99","0","23.03","1e-8","0","bin411.log"
"Jun 24 2016","2457564","488462401","14.8","4.31e-8","1.75e-8","-1.99","0","18.21","1e-8","0","bin412.log"
"Jul 01 2016","2457572","489067201","35.2","4.97e-8","1.58e-8","-1.99","0","15.43","1e-8","0","bin413.log"
"Jul 08 2016","2457579","489672001","17.22","4.86e-8","1.68e-8","-1.99","0","15.91","1e-8","0","bin414.log"
"Jul 15 2016","2457586","490276801","9.86","3.75e-8","1.71e-8","-1.99","0","19.40","1e-8","0","bin415.log"
"Jul 22 2016","2457593","490881601","68.61","7.56e-8","1.86e-8","-1.99","0","24.63","1e-8","0","bin416.log"
"Jul 29 2016","2457600","491486401","121.29","1.39e-7","2.30e-8","-1.99","0","30.70","1e-8","0","bin417.log"
"Aug 05 2016","2457606","492091201","16.86","1.96e-7","1.08e-7","-1.99","0","37.15","1e-8","0","bin418.log"
"Aug 12 2016","2457613","492696001","45.79","6.87e-8","1.85e-8","-1.99","0","43.78","1e-8","0","bin419.log"
"Aug 19 2016","2457620","493300801","10.84","3.13e-8","1.47e-8","-1.99","0","50.50","1e-8","0","bin420.log"
"Aug 26 2016","2457627","493905601","89.79","7.55e-8","1.71e-8","-1.99","0","57.26","1e-8","0","bin421.log"
"Sep 02 2016","2457633","494510401","45.03","6.99e-8","1.79e-8","-1.99","0","64.04","1e-8","0","bin422.log"
"Sep 09 2016","2457640","495115201","43.3","6.10e-8","1.71e-8","-1.99","0","70.83","1e-8","0","bin423.log"
"Sep 16 2016","2457647","495720001","54.74","7.59e-8","1.84e-8","-1.99","0","77.63","1e-8","0","bin424.log"
"Sep 23 2016","2457654","496324801","62.06","9.47e-8","2.12e-8","-1.99","0","84.46","1e-8","0","bin425.log"
"Sep 30 2016","2457661","496929601","141.38","1.54e-7","2.50e-8","-1.99","0","91.31","1e-8","0","bin426.log"
"Oct 07 2016","2457669","497534401","43.03","8.24e-8","2.07e-8","-1.99","0","98.20","1e-8","0","bin427.log"
"Oct 14 2016","2457676","498139201","34.8","7.25e-8","2.16e-8","-1.99","0","105.12","1e-8","0","bin428.log"
"Oct 21 2016","2457683","498744001","23.7","5.03e-8","1.77e-8","-1.99","0","112.09","1e-8","0","bin429.log"
"Oct 28 2016","2457690","499348801","2.16","6.85e-8","0","0","0","119.07","1e-8","0","bin430.log"
"Nov 04 2016","2457696","499953601","82.78","1.05e-7","2.11e-8","-1.99","0","126.05","1e-8","0","bin431.log"
"Nov 11 2016","2457703","500558401","96.15","9.19e-8","1.98e-8","-1.99","0","132.97","1e-8","0","bin432.log"
"Nov 18 2016","2457710","501163201","20.95","3.77e-8","1.56e-8","-1.99","0","139.74","1e-8","0","bin433.log"
"Nov 25 2016","2457717","501768001","47.93","6.88e-8","1.73e-8","-1.99","0","146.18","1e-8","0","bin434.log"
"Dec 02 2016","2457725","502372801","26.57","5.37e-8","1.73e-8","-1.99","0","151.98","1e-8","0","bin435.log"
"Dec 09 2016","2457732","502977601","82.98","1.08e-7","2.18e-8","-1.99","0","156.61","1e-8","0","bin436.log"
"Dec 16 2016","2457739","503582401","43.89","7.01e-8","1.86e-8","-1.99","0","159.26","1e-8","0","bin437.log"
"Dec 23 2016","2457746","504187201","0","1.91e-8","0","0","0","159.20","1e-8","0","bin438.log"
"Dec 30 2016","2457753","504792001","29.24","5.04e-8","1.65e-8","-1.99","0","156.59","1e-8","0","bin439.log"
"Jan 06 2017","2457759","505396801","12.74","3.70e-8","1.58e-8","-1.99","0","152.27","1e-8","0","bin440.log"
"Jan 13 2017","2457766","506001601","12.58","4.77e-8","1.81e-8","-1.99","0","147.08","1e-8","0","bin441.log"
"Jan 20 2017","2457773","506606401","12.5","3.27e-8","1.41e-8","-1.99","0","141.51","1e-8","0","bin442.log"
"Jan 27 2017","2457780","507211201","26.02","4.53e-8","1.73e-8","-1.99","0","135.83","1e-8","0","bin443.log"
"Feb 03 2017","2457787","507816001","80.65","7.83e-8","1.86e-8","-1.99","0","130.19","1e-8","0","bin444.log"
"Feb 10 2017","2457794","508420801","19.87","3.57e-8","1.33e-8","-1.99","0","124.66","1e-8","0","bin445.log"
"Feb 17 2017","2457801","509025601","17.51","3.79e-8","1.58e-8","-1.99","0","119.25","1e-8","0","bin446.log"
"Feb 24 2017","2457808","509630401","10.02","3.97e-8","1.66e-8","-1.99","0","113.96","1e-8","0","bin447.log"
"Mar 03 2017","2457817","510235201","3.1","5.06e-8","0","0","0","108.77","1e-8","0","bin448.log"
"Mar 10 2017","2457824","510840001","47.81","6.63e-8","1.74e-8","-1.99","0","103.65","1e-8","0","bin449.log"
"Mar 17 2017","2457831","511444801","25.78","6.86e-8","2.04e-8","-1.99","0","98.56","1e-8","0","bin450.log"
"Mar 24 2017","2457838","512049601","18.04","4.24e-8","1.65e-8","-1.99","0","93.46","1e-8","0","bin451.log"
"Mar 31 2017","2457845","512654401","63.78","1.02e-7","2.22e-8","-1.99","0","88.32","1e-8","0","bin452.log"
"Apr 07 2017","2457852","513259201","9.63","6.05e-8","2.83e-8","-1.99","0","83.10","1e-8","0","bin453.log"
"Apr 14 2017","2457859","513864001","88.47","1.13e-7","2.05e-8","-1.99","0","77.75","1e-8","0","bin454.log"
"Apr 21 2017","2457866","514468801","109.06","1.19e-7","2.08e-8","-1.99","0","72.27","1e-8","0","bin455.log"
"Apr 28 2017","2457873","515073601","89.16","1.28e-7","2.30e-8","-1.99","0","66.62","1e-8","0","bin456.log"
"May 05 2017","2457880","515678401","308.69","2.42e-7","2.80e-8","-1.99","0","60.80","1e-8","0","bin457.log"
"May 12 2017","2457887","516283201","179.75","1.82e-7","2.60e-8","-1.99","0","54.81","1e-8","0","bin458.log"
"May 19 2017","2457894","516888001","266.18","2.47e-7","3.00e-8","-1.99","0","48.67","1e-8","0","bin459.log"
"May 26 2017","2457901","517492801","192.18","1.96e-7","2.80e-8","-1.99","0","42.41","1e-8","0","bin460.log"
"Jun 02 2017","2457907","518097601","69.11","9.88e-8","2.07e-8","-1.99","0","36.10","1e-8","0","bin461.log"
"Jun 09 2017","2457914","518702401","106.67","1.22e-7","2.00e-8","-1.99","0","29.89","1e-8","0","bin462.log"
"Jun 16 2017","2457921","519307201","118.6","1.40e-7","2.30e-8","-1.99","0","24.01","1e-8","0","bin463.log"
"Jun 23 2017","2457928","519912001","92.76","1.18e-7","2.30e-8","-1.99","0","18.95","1e-8","0","bin464.log"
"Jun 30 2017","2457935","520516801","85.88","1.36e-7","2.70e-8","-1.99","0","15.71","1e-8","0","bin465.log"
"Jul 07 2017","2457943","521121601","158.4","1.93e-7","2.80e-8","-1.99","0","15.57","1e-8","0","bin466.log"
"Jul 14 2017","2457950","521726401","208.56","1.68e-7","2.40e-8","-1.99","0","18.61","1e-8","0","bin467.log"
"Jul 21 2017","2457957","522331201","464.39","3.22e-7","3.10e-8","-1.99","0","23.62","1e-8","0","bin468.log"
"Jul 28 2017","2457964","522936001","1250.11","6.45e-7","4.00e-8","-1.99","0","29.58","1e-8","0","bin469.log"
"Aug 04 2017","2457970","523540801","727.42","4.96e-7","4.00e-8","-1.99","0","35.99","1e-8","0","bin470.log"
"Aug 11 2017","2457977","524145601","620.93","4.29e-7","3.60e-8","-1.99","0","42.60","1e-8","0","bin471.log"
"Aug 18 2017","2457984","524750401","186.22","1.92e-7","2.70e-8","-1.99","0","49.31","1e-8","0","bin472.log"
"Aug 25 2017","2457991","525355201","514.53","4.11e-7","3.70e-8","-1.99","0","56.06","1e-8","0","bin473.log"
"Sep 01 2017","2457998","525960001","121.03","1.47e-7","2.40e-8","-1.99","0","62.84","1e-8","0","bin474.log"
"Sep 08 2017","2458005","526564801","432.43","3.47e-7","3.50e-8","-1.99","0","69.62","1e-8","0","bin475.log"
"Sep 15 2017","2458012","527169601","390.46","3.18e-7","3.40e-8","-1.99","0","76.42","1e-8","0","bin476.log"
"Sep 22 2017","2458019","527774401","246.3","2.45e-7","3.00e-8","-1.99","0","83.24","1e-8","0","bin477.log"
"Sep 29 2017","2458026","528379201","290.24","2.06e-7","2.60e-8","-1.99","0","90.09","1e-8","0","bin478.log"
"Oct 06 2017","2458033","528984001","240.23","2.27e-7","2.80e-8","-1.99","0","96.97","1e-8","0","bin479.log"
"Oct 13 2017","2458040","529588801","344.61","2.62e-7","3.00e-8","-1.99","0","103.89","1e-8","0","bin480.log"
"Oct 20 2017","2458047","530193601","229.91","2.14e-7","2.70e-8","-1.99","0","110.85","1e-8","0","bin481.log"
"Oct 27 2017","2458054","530798401","107.28","1.46e-7","2.40e-8","-1.99","0","117.83","1e-8","0","bin482.log"
"Nov 03 2017","2458061","531403201","147.04","1.68e-7","2.50e-8","-1.99","0","124.81","1e-8","0","bin483.log"
"Nov 10 2017","2458068","532008001","118.35","1.18e-7","2.09e-8","-1.99","0","131.75","1e-8","0","bin484.log"
"Nov 17 2017","2458075","532612801","193.63","1.93e-7","2.60e-8","-1.99","0","138.55","1e-8","0","bin485.log"
"Nov 24 2017","2458082","533217601","237.39","2.36e-7","3.00e-8","-1.99","0","145.07","1e-8","0","bin486.log"
"Dec 01 2017","2458089","533822401","244.35","2.13e-7","2.80e-8","-1.99","0","151.02","1e-8","0","bin487.log"
"Dec 08 2017","2458096","534427201","151.25","1.79e-7","2.70e-8","-1.99","0","155.91","1e-8","0","bin488.log"
"Dec 15 2017","2458103","535032001","316.01","2.55e-7","2.90e-8","-1.99","0","158.97","1e-8","0","bin489.log"
"Dec 22 2017","2458110","535636801","517.04","3.64e-7","3.40e-8","-1.99","0","159.42","1e-8","0","bin490.log"
"Dec 29 2017","2458117","536241601","1462.1","7.70e-7","4.70e-8","-1.99","0","157.20","1e-8","0","bin491.log"
"Jan 05 2018","2458123","536846401","708.66","4.54e-7","3.80e-8","-1.99","0","153.12","1e-8","0","bin492.log"
"Jan 12 2018","2458130","537451201","589.27","3.97e-7","3.50e-8","-1.99","0","148.04","1e-8","0","bin493.log"
"Jan 19 2018","2458137","538056001","450.07","3.40e-7","3.40e-8","-1.99","0","142.51","1e-8","0","bin494.log"
"Jan 26 2018","2458144","538660801","286.05","2.35e-7","2.80e-8","-1.99","0","136.84","1e-8","0","bin495.log"
"Feb 02 2018","2458151","539265601","803.05","4.91e-7","3.70e-8","-1.99","0","131.19","1e-8","0","bin496.log"
"Feb 09 2018","2458158","539870401","691.29","5.08e-7","4.00e-8","-1.99","0","125.63","1e-8","0","bin497.log"
"Feb 16 2018","2458165","540475201","821.45","5.06e-7","3.80e-8","-1.99","0","120.20","1e-8","0","bin498.log"
"Feb 23 2018","2458172","541080001","219.17","2.03e-7","2.60e-8","-1.99","0","114.89","1e-8","0","bin499.log"
"Mar 02 2018","2458181","541684801","173.59","1.69e-7","2.40e-8","-1.99","0","109.69","1e-8","0","bin500.log"
"Mar 09 2018","2458188","542289601","486.55","3.35e-7","3.10e-8","-1.99","0","104.56","1e-8","0","bin501.log"
"Mar 16 2018","2458195","542894401","189.16","3.07e-7","4.40e-8","-1.99","0","99.46","1e-8","0","bin502.log"
"Apr 27 2018","2458237","546523201","61.74","4.74e-7","1.35e-7","-1.99","0","67.64","1e-8","0","bin508.log"
"May 04 2018","2458244","547128001","841.55","3.13e-7","2.10e-8","-1.99","0","61.85","1e-8","0","bin509.log"
"May 11 2018","2458251","547732801","802.71","3.40e-7","2.50e-8","-1.99","0","55.89","1e-8","0","bin510.log"
"May 18 2018","2458258","548337601","27.69","2.27e-7","9.70e-8","-1.99","0","49.77","1e-8","0","bin511.log"
"May 25 2018","2458265","548942401","850.29","3.82e-7","2.70e-8","-1.99","0","43.52","1e-8","0","bin512.log"
"Jun 01 2018","2458272","549547201","1005.32","4.62e-7","3.20e-8","-1.99","0","37.22","1e-8","0","bin513.log"
"Jun 08 2018","2458279","550152001","262.63","3.11e-7","4.10e-8","-1.99","0","30.98","1e-8","0","bin514.log"
"Jun 22 2018","2458293","551361601","1013.34","3.45e-7","2.30e-8","-1.99","0","19.75","1e-8","0","bin516.log"
"Jul 06 2018","2458307","552571201","144.29","2.70e-7","4.70e-8","-1.99","0","15.34","1e-8","0","bin518.log"
"Jul 13 2018","2458314","553176001","320.67","2.09e-7","2.30e-8","-1.99","0","17.89","1e-8","0","bin519.log"
"Jul 20 2018","2458321","553780801","313.6","2.40e-7","2.70e-8","-1.99","0","22.64","1e-8","0","bin520.log"
"Jul 27 2018","2458328","554385601","34.87","2.06e-7","7.00e-8","-1.99","0","28.48","1e-8","0","bin521.log"
"Aug 03 2018","2458334","554990401","763.52","3.52e-7","2.70e-8","-1.99","0","34.83","1e-8","0","bin522.log"
"Aug 10 2018","2458341","555595201","705.34","2.74e-7","2.10e-8","-1.99","0","41.41","1e-8","0","bin523.log"
"Aug 17 2018","2458348","556200001","196.71","2.63e-7","4.10e-8","-1.99","0","48.11","1e-8","0","bin524.log"
"Aug 24 2018","2458355","556804801","158.07","2.22e-7","3.40e-8","-1.99","0","54.86","1e-8","0","bin525.log"
"Aug 31 2018","2458362","557409601","868.48","3.50e-7","2.60e-8","-1.99","0","61.63","1e-8","0","bin526.log"
"Sep 07 2018","2458369","558014401","145.14","2.50e-7","4.10e-8","-1.99","0","68.42","1e-8","0","bin527.log"
"Sep 14 2018","2458376","558619201","280.87","1.80e-7","2.20e-8","-1.99","0","75.22","1e-8","0","bin528.log"
"Sep 21 2018","2458383","559224001","255.06","1.20e-7","1.50e-8","-1.99","0","82.03","1e-8","0","bin529.log"
"Sep 28 2018","2458390","559828801","382.02","1.57e-7","1.60e-8","-1.99","0","88.87","1e-8","0","bin530.log"
"Oct 05 2018","2458397","560433601","180.42","1.38e-7","1.90e-8","-1.99","0","95.75","1e-8","0","bin531.log"
"Oct 26 2018","2458418","562248001","108.26","9.26e-8","1.65e-8","-1.99","0","116.59","1e-8","0","bin534.log"
"Nov 02 2018","2458425","562852801","93.53","6.62e-8","1.35e-8","-1.99","0","123.57","1e-8","0","bin535.log"
"Nov 09 2018","2458432","563457601","47.39","6.84e-8","1.66e-8","-1.99","0","130.52","1e-8","0","bin536.log"
"Nov 16 2018","2458439","564062401","50.83","6.89e-8","1.66e-8","-1.99","0","137.36","1e-8","0","bin537.log"
"Nov 23 2018","2458446","564667201","144.25","7.90e-8","1.32e-8","-1.99","0","143.94","1e-8","0","bin538.log"
"Nov 30 2018","2458453","565272001","205.85","2.08e-7","2.80e-8","-1.99","0","150.02","1e-8","0","bin539.log"
"Dec 07 2018","2458460","565876801","1316.65","5.29e-7","3.30e-8","-1.99","0","155.15","1e-8","0","bin540.log"
"Dec 14 2018","2458467","566481601","1997.91","7.77e-7","4.20e-8","-1.99","0","158.60","1e-8","0","bin541.log"
"Dec 21 2018","2458474","567086401","481.99","3.02e-7","3.00e-8","-1.99","0","159.55","1e-8","0","bin542.log"
"Dec 28 2018","2458481","567691201","174.01","2.18e-7","3.30e-8","-1.99","0","157.76","1e-8","0","bin543.log"
"Jan 04 2019","2458488","568296001","43.27","5.62e-8","1.53e-8","-1.99","0","153.94","1e-8","0","bin544.log"
"Jan 11 2019","2458495","568900801","12.35","3.28e-8","1.35e-8","-1.99","0","148.99","1e-8","0","bin545.log"
"Jan 18 2019","2458502","569505601","35.1","6.90e-8","1.83e-8","-1.99","0","143.51","1e-8","0","bin546.log"
"Jan 25 2019","2458509","570110401","62.02","6.76e-8","1.48e-8","-1.99","0","137.85","1e-8","0","bin547.log"
"Feb 01 2019","2458515","570715201","53.81","6.36e-8","1.69e-8","-1.99","0","132.19","1e-8","0","bin548.log"
"Feb 08 2019","2458522","571320001","125.93","1.07e-7","1.95e-8","-1.99","0","126.61","1e-8","0","bin549.log"
"Feb 15 2019","2458529","571924801","119.68","1.73e-7","3.20e-8","-1.99","0","121.16","1e-8","0","bin550.log"
"Feb 22 2019","2458536","572529601","103.24","1.08e-7","2.08e-8","-1.99","0","115.83","1e-8","0","bin551.log"
"Mar 01 2019","2458546","573134401","237.26","1.67e-7","2.30e-8","-1.99","0","110.60","1e-8","0","bin552.log"
"Mar 08 2019","2458553","573739201","623.52","3.98e-7","3.40e-8","-1.99","0","105.46","1e-8","0","bin553.log"
"Mar 15 2019","2458560","574344001","312.34","2.49e-7","2.80e-8","-1.99","0","100.37","1e-8","0","bin554.log"
"Mar 22 2019","2458567","574948801","188.55","1.77e-7","2.50e-8","-1.99","0","95.28","1e-8","0","bin555.log"
"Mar 29 2019","2458574","575553601","109.87","1.07e-7","2.07e-8","-1.99","0","90.16","1e-8","0","bin556.log"
"Apr 05 2019","2458580","576158401","145.57","1.64e-7","2.60e-8","-1.99","0","84.96","1e-8","0","bin557.log"
"Apr 12 2019","2458587","576763201","582.99","3.14e-7","2.70e-8","-1.99","0","79.67","1e-8","0","bin558.log"
"Apr 19 2019","2458594","577368001","401.58","2.08e-7","2.00e-8","-1.99","0","74.24","1e-8","0","bin559.log"
"Apr 26 2019","2458601","577972801","359.11","2.48e-7","2.70e-8","-1.99","0","68.65","1e-8","0","bin560.log"
"May 03 2019","2458608","578577601","125.47","1.17e-7","2.06e-8","-1.99","0","62.89","1e-8","0","bin561.log"
"May 10 2019","2458615","579182401","325.26","2.48e-7","2.80e-8","-1.99","0","56.96","1e-8","0","bin562.log"
"May 17 2019","2458622","579787201","149.66","1.54e-7","2.40e-8","-1.99","0","50.86","1e-8","0","bin563.log"
"May 24 2019","2458629","580392001","135.62","1.48e-7","2.50e-8","-1.99","0","44.64","1e-8","0","bin564.log"
"May 31 2019","2458636","580996801","483.54","2.68e-7","2.40e-8","-1.99","0","38.34","1e-8","0","bin565.log"
"Jun 07 2019","2458643","581601601","211.71","1.46e-7","2.00e-8","-1.99","0","32.08","1e-8","0","bin566.log"
"Jun 14 2019","2458650","582206401","207.61","1.95e-7","2.80e-8","-1.99","0","26.03","1e-8","0","bin567.log"
"Jun 21 2019","2458657","582811201","318.36","2.49e-7","2.90e-8","-1.99","0","20.60","1e-8","0","bin568.log"
"Jun 28 2019","2458664","583416001","227.69","1.86e-7","2.60e-8","-1.99","0","16.57","1e-8","0","bin569.log"
"Jul 05 2019","2458671","584020801","378.29","2.88e-7","3.10e-8","-1.99","0","15.22","1e-8","0","bin570.log"
"Jul 12 2019","2458678","584625601","175.21","2.04e-7","2.90e-8","-1.99","0","17.24","1e-8","0","bin571.log"
"Jul 19 2019","2458685","585230401","309.85","1.72e-7","2.00e-8","-1.99","0","21.70","1e-8","0","bin572.log"
"Jul 26 2019","2458692","585835201","242.66","2.18e-7","2.80e-8","-1.99","0","27.40","1e-8","0","bin573.log"
"Aug 02 2019","2458699","586440001","121.84","1.34e-7","2.40e-8","-1.99","0","33.68","1e-8","0","bin574.log"
"Aug 09 2019","2458706","587044801","178.69","1.86e-7","2.60e-8","-1.99","0","40.24","1e-8","0","bin575.log"
"Aug 16 2019","2458713","587649601","438.29","3.39e-7","3.20e-8","-1.99","0","46.92","1e-8","0","bin576.log"
"Aug 23 2019","2458720","588254401","499.95","3.44e-7","3.30e-8","-1.99","0","53.66","1e-8","0","bin577.log"
"Aug 30 2019","2458727","588859201","423.44","2.65e-7","2.70e-8","-1.99","0","60.43","1e-8","0","bin578.log"
"Sep 06 2019","2458733","589464001","483.97","2.33e-7","2.10e-8","-1.99","0","67.21","1e-8","0","bin579.log"
"Sep 13 2019","2458740","590068801","285.41","2.18e-7","2.60e-8","-1.99","0","74.01","1e-8","0","bin580.log"
"Sep 20 2019","2458747","590673601","300.54","2.28e-7","2.70e-8","-1.99","0","80.82","1e-8","0","bin581.log"
"Sep 27 2019","2458754","591278401","307.81","1.88e-7","2.10e-8","-1.99","0","87.66","1e-8","0","bin582.log"
"Oct 04 2019","2458762","591883201","199.09","1.77e-7","2.40e-8","-1.99","0","94.52","1e-8","0","bin583.log"
"Oct 11 2019","2458769","592488001","483.2","3.14e-7","3.00e-8","-1.99","0","101.43","1e-8","0","bin584.log"
"Oct 18 2019","2458776","593092801","259.35","2.07e-7","2.60e-8","-1.99","0","108.37","1e-8","0","bin585.log"
"Oct 25 2019","2458783","593697601","322.86","2.57e-7","3.00e-8","-1.99","0","115.35","1e-8","0","bin586.log"
"Nov 01 2019","2458789","594302401","202.13","1.60e-7","2.30e-8","-1.99","0","122.33","1e-8","0","bin587.log"
"Nov 08 2019","2458796","594907201","164.63","1.34e-7","2.00e-8","-1.99","0","129.30","1e-8","0","bin588.log"
"Nov 15 2019","2458803","595512001","661.97","3.42e-7","2.80e-8","-1.99","0","136.16","1e-8","0","bin589.log"
"Nov 22 2019","2458810","596116801","552.39","3.71e-7","3.40e-8","-1.99","0","142.80","1e-8","0","bin590.log"
"Nov 29 2019","2458817","596721601","319.42","2.44e-7","2.80e-8","-1.99","0","148.99","1e-8","0","bin591.log"
"Dec 06 2019","2458824","597326401","198.67","2.06e-7","2.80e-8","-1.99","0","154.34","1e-8","0","bin592.log"
"Dec 13 2019","2458831","597931201","216.09","1.79e-7","2.50e-8","-1.99","0","158.15","1e-8","0","bin593.log"
"Dec 20 2019","2458838","598536001","96.2","2.04e-7","4.00e-8","-1.99","0","159.59","1e-8","0","bin594.log"
"Dec 27 2019","2458845","599140801","530.87","3.61e-7","3.30e-8","-1.99","0","158.25","1e-8","0","bin595.log"
"Jan 03 2020","2458852","599745601","240.26","2.77e-7","3.80e-8","-1.99","0","154.73","1e-8","0","bin596.log"
"Jan 10 2020","2458859","600350401","400.72","3.53e-7","3.50e-8","-1.99","0","149.92","1e-8","0","bin597.log"
"Jan 17 2020","2458866","600955201","765.53","4.40e-7","3.50e-8","-1.99","0","144.50","1e-8","0","bin598.log"
"Jan 24 2020","2458873","601560001","454.77","3.46e-7","3.30e-8","-1.99","0","138.86","1e-8","0","bin599.log"
"Jan 31 2020","2458880","602164801","306.86","2.43e-7","2.80e-8","-1.99","0","133.19","1e-8","0","bin600.log"
"Feb 07 2020","2458886","602769601","182.29","1.93e-7","3.00e-8","-1.99","0","127.59","1e-8","0","bin601.log"
"Feb 14 2020","2458893","603374401","344.06","2.50e-7","2.60e-8","-1.99","0","122.11","1e-8","0","bin602.log"
"Feb 21 2020","2458900","603979201","339.3","2.77e-7","3.10e-8","-1.99","0","116.76","1e-8","0","bin603.log"
"Feb 28 2020","2458907","604584001","308.6","2.71e-7","3.00e-8","-1.99","0","111.52","1e-8","0","bin604.log"
"Mar 06 2020","2458916","605188801","547.6","3.22e-7","3.00e-8","-1.99","0","106.37","1e-8","0","bin605.log"
"Mar 13 2020","2458923","605793601","550.84","3.46e-7","3.10e-8","-1.99","0","101.27","1e-8","0","bin606.log"
"Mar 20 2020","2458930","606398401","337.19","2.77e-7","3.10e-8","-1.99","0","96.18","1e-8","0","bin607.log"
"Mar 27 2020","2458937","607003201","545.64","4.02e-7","3.60e-8","-1.99","0","91.07","1e-8","0","bin608.log"
"Apr 03 2020","2458943","607608001","1056.85","6.08e-7","4.20e-8","-1.99","0","85.89","1e-8","0","bin609.log"
"Apr 10 2020","2458950","608212801","682.33","4.79e-7","3.80e-8","-1.99","0","80.62","1e-8","0","bin610.log"
"Apr 17 2020","2458957","608817601","684.86","3.15e-7","2.50e-8","-1.99","0","75.21","1e-8","0","bin611.log"
"Apr 24 2020","2458964","609422401","555.63","2.53e-7","2.30e-8","-1.99","0","69.65","1e-8","0","bin612.log"
"May 01 2020","2458972","610027201","247.35","1.95e-7","2.50e-8","-1.99","0","63.92","1e-8","0","bin613.log"
"May 08 2020","2458979","610632001","409.64","3.16e-7","3.10e-8","-1.99","0","58.02","1e-8","0","bin614.log"
"May 15 2020","2458986","611236801","325.49","2.33e-7","2.80e-8","-1.99","0","51.96","1e-8","0","bin615.log"
"May 22 2020","2458993","611841601","334.42","2.86e-7","3.10e-8","-1.99","0","45.75","1e-8","0","bin616.log"
"May 29 2020","2459000","612446401","132.05","1.52e-7","2.50e-8","-1.99","0","39.46","1e-8","0","bin617.log"
"Jun 05 2020","2459006","613051201","295.45","1.61e-7","1.90e-8","-1.99","0","33.18","1e-8","0","bin618.log"
"Jun 12 2020","2459013","613656001","193.76","2.09e-7","2.80e-8","-1.99","0","27.08","1e-8","0","bin619.log"
"Jun 19 2020","2459020","614260801","403.02","3.14e-7","3.20e-8","-1.99","0","21.49","1e-8","0","bin620.log"
"Jun 26 2020","2459027","614865601","603","4.21e-7","3.50e-8","-1.99","0","17.13","1e-8","0","bin621.log"
"Jul 03 2020","2459035","615470401","364.89","2.59e-7","2.90e-8","-1.99","0","15.21","1e-8","0","bin622.log"
"Jul 10 2020","2459042","616075201","323.89","2.30e-7","2.70e-8","-1.99","0","16.66","1e-8","0","bin623.log"
"Jul 17 2020","2459049","616680001","136.88","1.38e-7","2.30e-8","-1.99","0","20.79","1e-8","0","bin624.log"
"Jul 24 2020","2459056","617284801","107.91","8.72e-8","1.55e-8","-1.99","0","26.33","1e-8","0","bin625.log"
"Jul 31 2020","2459063","617889601","55.87","8.85e-8","2.17e-8","-1.99","0","32.54","1e-8","0","bin626.log"
"Aug 07 2020","2459069","618494401","190.35","1.30e-7","2.00e-8","-1.99","0","39.06","1e-8","0","bin627.log"
"Aug 14 2020","2459076","619099201","275.3","2.13e-7","2.70e-8","-1.99","0","45.73","1e-8","0","bin628.log"
"Aug 21 2020","2459083","619704001","229.95","1.95e-7","2.70e-8","-1.99","0","52.46","1e-8","0","bin629.log"
"Aug 28 2020","2459090","620308801","197.05","1.82e-7","2.60e-8","-1.99","0","59.23","1e-8","0","bin630.log"
"Sep 04 2020","2459096","620913601","398.53","2.50e-7","2.60e-8","-1.99","0","66.01","1e-8","0","bin631.log"
"Sep 11 2020","2459103","621518401","445.65","2.32e-7","2.20e-8","-1.99","0","72.80","1e-8","0","bin632.log"
"Sep 18 2020","2459110","622123201","154.19","1.50e-7","2.40e-8","-1.99","0","79.61","1e-8","0","bin633.log"
"Sep 25 2020","2459117","622728001","122.56","1.19e-7","2.00e-8","-1.99","0","86.44","1e-8","0","bin634.log"
"Oct 02 2020","2459125","623332801","214.4","1.47e-7","2.00e-8","-1.99","0","93.30","1e-8","0","bin635.log"
"Oct 09 2020","2459132","623937601","182.94","1.70e-7","2.40e-8","-1.99","0","100.20","1e-8","0","bin636.log"
"Oct 16 2020","2459139","624542401","144.9","1.30e-7","2.10e-8","-1.99","0","107.14","1e-8","0","bin637.log"
"Oct 23 2020","2459146","625147201","108.19","1.36e-7","2.50e-8","-1.99","0","114.11","1e-8","0","bin638.log"
"Oct 30 2020","2459153","625752001","196.35","1.60e-7","2.30e-8","-1.99","0","121.09","1e-8","0","bin639.log"
"Nov 06 2020","2459159","626356801","246.14","2.10e-7","2.70e-8","-1.99","0","128.06","1e-8","0","bin640.log"
"Nov 13 2020","2459166","626961601","268.09","1.98e-7","2.30e-8","-1.99","0","134.95","1e-8","0","bin641.log"
"Nov 20 2020","2459173","627566401","105.02","1.06e-7","1.95e-8","-1.99","0","141.65","1e-8","0","bin642.log"
"Nov 27 2020","2459180","628171201","53.4","8.24e-8","2.08e-8","-1.99","0","147.94","1e-8","0","bin643.log"
"Dec 04 2020","2459188","628776001","103.44","1.18e-7","2.21e-8","-1.99","0","153.48","1e-8","0","bin644.log"
"Dec 11 2020","2459195","629380801","161.76","1.58e-7","2.40e-8","-1.99","0","157.62","1e-8","0","bin645.log"
"Dec 18 2020","2459202","629985601","106.59","9.82e-8","1.90e-8","-1.99","0","159.53","1e-8","0","bin646.log"
"Dec 25 2020","2459209","630590401","61.35","1.31e-7","3.19e-8","-1.99","0","158.68","1e-8","0","bin647.log"
"Jan 01 2021","2459215","631195201","122.51","1.09e-7","2.01e-8","-1.99","0","155.47","1e-8","0","bin648.log"
"Jan 08 2021","2459222","631800001","21.97","7.44e-8","2.67e-8","-1.99","0","150.83","1e-8","0","bin649.log"
"Jan 15 2021","2459229","632404801","212.33","1.84e-7","2.60e-8","-1.99","0","145.49","1e-8","0","bin650.log"
"Jan 22 2021","2459236","633009601","419.56","2.81e-7","2.90e-8","-1.99","0","139.86","1e-8","0","bin651.log"
"Jan 29 2021","2459243","633614401","214.83","1.91e-7","2.50e-8","-1.99","0","134.19","1e-8","0","bin652.log"
"Feb 05 2021","2459250","634219201","181.17","1.71e-7","2.50e-8","-1.99","0","128.58","1e-8","0","bin653.log"
"Feb 12 2021","2459257","634824001","83.91","9.00e-8","1.91e-8","-1.99","0","123.08","1e-8","0","bin654.log"
"Feb 19 2021","2459264","635428801","120.33","1.17e-7","1.96e-8","-1.99","0","117.70","1e-8","0","bin655.log"
"Feb 26 2021","2459271","636033601","99.06","1.12e-7","2.18e-8","-1.99","0","112.45","1e-8","0","bin656.log"
"Mar 05 2021","2459280","636638401","159.32","1.55e-7","2.40e-8","-1.99","0","107.28","1e-8","0","bin657.log"
"Mar 12 2021","2459287","637243201","222.45","1.97e-7","2.60e-8","-1.99","0","102.17","1e-8","0","bin658.log"
"Mar 19 2021","2459294","637848001","204.27","1.53e-7","2.30e-8","-1.99","0","97.09","1e-8","0","bin659.log"
"Mar 26 2021","2459301","638452801","161.5","1.54e-7","2.30e-8","-1.99","0","91.98","1e-8","0","bin660.log"
"Apr 02 2021","2459307","639057601","94.79","9.42e-8","1.93e-8","-1.99","0","86.82","1e-8","0","bin661.log"
"Apr 09 2021","2459314","639662401","83.84","1.01e-7","2.09e-8","-1.99","0","81.56","1e-8","0","bin662.log"
"Apr 16 2021","2459321","640267201","51.72","7.48e-8","1.90e-8","-1.99","0","76.18","1e-8","0","bin663.log"
"Apr 23 2021","2459328","640872001","155.87","1.19e-7","1.60e-8","-1.99","0","70.65","1e-8","0","bin664.log"
"Apr 30 2021","2459335","641476801","370.12","2.13e-7","2.30e-8","-1.99","0","64.95","1e-8","0","bin665.log"
"May 07 2021","2459343","642081601","89.44","9.45e-8","1.94e-8","-1.99","0","59.08","1e-8","0","bin666.log"
"May 14 2021","2459350","642686401","190.75","1.99e-7","2.70e-8","-1.99","0","53.04","1e-8","0","bin667.log"
"May 21 2021","2459357","643291201","91.61","1.29e-7","2.40e-8","-1.99","0","46.86","1e-8","0","bin668.log"
"May 28 2021","2459364","643896001","157.15","1.62e-7","2.40e-8","-1.99","0","40.58","1e-8","0","bin669.log"
"Jun 04 2021","2459370","644500801","121.12","1.43e-7","2.50e-8","-1.99","0","34.29","1e-8","0","bin670.log"
"Jun 11 2021","2459377","645105601","180.8","1.31e-7","1.80e-8","-1.99","0","28.13","1e-8","0","bin671.log"
"Jun 18 2021","2459384","645710401","154.88","1.70e-7","2.70e-8","-1.99","0","22.42","1e-8","0","bin672.log"
"Jun 25 2021","2459391","646315201","85.2","1.09e-7","2.07e-8","-1.99","0","17.77","1e-8","0","bin673.log"
"Jul 02 2021","2459399","646920001","323.15","2.42e-7","2.70e-8","-1.99","0","15.31","1e-8","0","bin674.log"
"Jul 09 2021","2459406","647524801","125.61","1.28e-7","2.20e-8","-1.99","0","16.17","1e-8","0","bin675.log"
"Jul 16 2021","2459413","648129601","90.09","1.27e-7","2.40e-8","-1.99","0","19.92","1e-8","0","bin676.log"
"Jul 23 2021","2459420","648734401","129.43","1.31e-7","2.20e-8","-1.99","0","25.29","1e-8","0","bin677.log"
"Jul 30 2021","2459427","649339201","329.5","1.97e-7","2.10e-8","-1.99","0","31.41","1e-8","0","bin678.log"
"Aug 06 2021","2459433","649944001","222.25","2.15e-7","2.80e-8","-1.99","0","37.89","1e-8","0","bin679.log"
"Aug 13 2021","2459440","650548801","112.62","1.10e-7","1.99e-8","-1.99","0","44.54","1e-8","0","bin680.log"
"Aug 20 2021","2459447","651153601","231.95","2.34e-7","3.00e-8","-1.99","0","51.26","1e-8","0","bin681.log"
"Aug 27 2021","2459454","651758401","226.45","2.23e-7","2.80e-8","-1.99","0","58.03","1e-8","0","bin682.log"
"Sep 03 2021","2459461","652363201","289.93","2.48e-7","2.90e-8","-1.99","0","64.80","1e-8","0","bin683.log"
"Sep 10 2021","2459468","652968001","363.29","2.10e-7","2.20e-8","-1.99","0","71.59","1e-8","0","bin684.log"
"Sep 17 2021","2459475","653572801","192.51","1.43e-7","2.00e-8","-1.99","0","78.40","1e-8","0","bin685.log"
"Sep 24 2021","2459482","654177601","77.17","9.75e-8","1.97e-8","-1.99","0","85.23","1e-8","0","bin686.log"
"Oct 01 2021","2459489","654782401","118.83","1.09e-7","1.92e-8","-1.99","0","92.08","1e-8","0","bin687.log"
"Oct 08 2021","2459496","655387201","115.5","1.02e-7","1.75e-8","-1.99","0","98.97","1e-8","0","bin688.log"
"Oct 15 2021","2459503","655992001","12.81","4.24e-8","1.66e-8","-1.99","0","105.90","1e-8","0","bin689.log"
"Oct 22 2021","2459510","656596801","224.04","2.03e-7","2.60e-8","-1.99","0","112.87","1e-8","0","bin690.log"
"Oct 29 2021","2459517","657201601","220.15","1.62e-7","2.40e-8","-1.99","0","119.85","1e-8","0","bin691.log"
"Nov 05 2021","2459524","657806401","88.86","8.95e-8","1.89e-8","-1.99","0","126.83","1e-8","0","bin692.log"
"Nov 12 2021","2459531","658411201","114.13","9.43e-8","1.92e-8","-1.99","0","133.74","1e-8","0","bin693.log"
"Nov 19 2021","2459538","659016001","201.88","1.50e-7","2.10e-8","-1.99","0","140.48","1e-8","0","bin694.log"
"Nov 26 2021","2459545","659620801","107.24","1.18e-7","2.38e-8","-1.99","0","146.87","1e-8","0","bin695.log"
"Dec 03 2021","2459552","660225601","40.18","7.42e-8","2.00e-8","-1.99","0","152.57","1e-8","0","bin696.log"
"Dec 10 2021","2459559","660830401","124.55","1.26e-7","2.30e-8","-1.99","0","157.03","1e-8","0","bin697.log"
"Dec 17 2021","2459566","661435201","97.66","1.15e-7","2.11e-8","-1.99","0","159.39","1e-8","0","bin698.log"
"Dec 24 2021","2459573","662040001","65.4","9.77e-8","2.21e-8","-1.99","0","159.03","1e-8","0","bin699.log"
"Dec 31 2021","2459580","662644801","93.79","1.29e-7","2.60e-8","-1.99","0","156.17","1e-8","0","bin700.log"
"Jan 07 2022","2459586","663249601","71.53","1.02e-7","2.11e-8","-1.99","0","151.72","1e-8","0","bin701.log"
"Jan 14 2022","2459593","663854401","46.53","1.21e-7","3.00e-8","-1.99","0","146.46","1e-8","0","bin702.log"
"Jan 21 2022","2459600","664459201","96.63","1.04e-7","2.08e-8","-1.99","0","140.87","1e-8","0","bin703.log"
"Jan 28 2022","2459607","665064001","64.48","8.80e-8","1.98e-8","-1.99","0","135.19","1e-8","0","bin704.log"
"Feb 04 2022","2459614","665668801","94.53","1.02e-7","1.97e-8","-1.99","0","129.57","1e-8","0","bin705.log"
"Feb 11 2022","2459621","666273601","141.16","1.48e-7","2.40e-8","-1.99","0","124.04","1e-8","0","bin706.log"
"Feb 18 2022","2459628","666878401","68.52","8.21e-8","1.83e-8","-1.99","0","118.65","1e-8","0","bin707.log"
"Feb 25 2022","2459635","667483201","22.88","5.76e-8","1.78e-8","-1.99","0","113.37","1e-8","0","bin708.log"
"Mar 04 2022","2459644","668088001","103.53","1.25e-7","2.40e-8","-1.99","0","108.19","1e-8","0","bin709.log"
"Mar 11 2022","2459651","668692801","94.61","1.03e-7","1.92e-8","-1.99","0","103.08","1e-8","0","bin710.log"
"Mar 18 2022","2459658","669297601","135.32","1.21e-7","2.00e-8","-1.99","0","97.99","1e-8","0","bin711.log"
"Mar 25 2022","2459665","669902401","56.53","8.29e-8","1.90e-8","-1.99","0","92.89","1e-8","0","bin712.log"
"Apr 01 2022","2459672","670507201","99.88","1.06e-7","2.00e-8","-1.99","0","87.74","1e-8","0","bin713.log"
"Apr 08 2022","2459679","671112001","84.65","8.40e-8","1.79e-8","-1.99","0","82.50","1e-8","0","bin714.log"
"Apr 15 2022","2459686","671716801","46.27","6.31e-8","1.74e-8","-1.99","0","77.15","1e-8","0","bin715.log"
"Apr 22 2022","2459693","672321601","114.17","9.38e-8","1.78e-8","-1.99","0","71.64","1e-8","0","bin716.log"
"Apr 29 2022","2459700","672926401","228.38","1.41e-7","1.70e-8","-1.99","0","65.98","1e-8","0","bin717.log"
"May 06 2022","2459707","673531201","69.29","8.47e-8","1.77e-8","-1.99","0","60.14","1e-8","0","bin718.log"
"May 13 2022","2459714","674136001","75.55","1.12e-7","2.20e-8","-1.99","0","54.13","1e-8","0","bin719.log"
"May 20 2022","2459721","674740801","49.91","6.84e-8","1.74e-8","-1.99","0","47.97","1e-8","0","bin720.log"
"May 27 2022","2459728","675345601","57.62","7.27e-8","1.81e-8","-1.99","0","41.70","1e-8","0","bin721.log"
"Jun 03 2022","2459735","675950401","42.19","7.60e-8","1.98e-8","-1.99","0","35.40","1e-8","0","bin722.log"
"Jun 10 2022","2459742","676555201","22.69","4.16e-8","1.50e-8","-1.99","0","29.20","1e-8","0","bin723.log"
"Jun 17 2022","2459749","677160001","34.44","4.09e-8","1.30e-8","-1.99","0","23.38","1e-8","0","bin724.log"
"Jun 24 2022","2459756","677764801","32.3","7.03e-8","2.19e-8","-1.99","0","18.47","1e-8","0","bin725.log"
"Jul 01 2022","2459763","678369601","77.06","8.94e-8","1.90e-8","-1.99","0","15.52","1e-8","0","bin726.log"
"Jul 08 2022","2459770","678974401","27.41","4.90e-8","1.63e-8","-1.99","0","15.77","1e-8","0","bin727.log"
"Jul 15 2022","2459777","679579201","41.39","4.96e-8","1.59e-8","-1.99","0","19.10","1e-8","0","bin728.log"
"Jul 22 2022","2459784","680184001","56.27","7.11e-8","1.81e-8","-1.99","0","24.26","1e-8","0","bin729.log"
"Jul 29 2022","2459791","680788801","76.67","7.87e-8","1.74e-8","-1.99","0","30.29","1e-8","0","bin730.log"
"Aug 05 2022","2459797","681393601","18.95","3.92e-8","1.36e-8","-1.99","0","36.73","1e-8","0","bin731.log"
"Aug 12 2022","2459804","681998401","11.26","3.31e-8","1.42e-8","-1.99","0","43.35","1e-8","0","bin732.log"
"Aug 19 2022","2459811","682603201","90.14","9.37e-8","1.94e-8","-1.99","0","50.07","1e-8","0","bin733.log"
"Aug 26 2022","2459818","683208001","61.93","7.09e-8","1.79e-8","-1.99","0","56.83","1e-8","0","bin734.log"
"Sep 02 2022","2459825","683812801","76.87","9.90e-8","1.98e-8","-1.99","0","63.60","1e-8","0","bin735.log"
"Sep 09 2022","2459832","684417601","40.64","4.50e-8","1.35e-8","-1.99","0","70.39","1e-8","0","bin736.log"
"Sep 16 2022","2459839","685022401","169.83","1.07e-7","1.58e-8","-1.99","0","77.19","1e-8","0","bin737.log"
"Sep 23 2022","2459846","685627201","58.41","6.83e-8","1.73e-8","-1.99","0","84.01","1e-8","0","bin738.log"
"Sep 30 2022","2459853","686232001","37.09","6.77e-8","1.81e-8","-1.99","0","90.86","1e-8","0","bin739.log"
"Oct 07 2022","2459860","686836801","84.86","7.45e-8","1.53e-8","-1.99","0","97.75","1e-8","0","bin740.log"
"Oct 14 2022","2459867","687441601","76.77","6.79e-8","1.52e-8","-1.99","0","104.67","1e-8","0","bin741.log"
"Oct 21 2022","2459874","688046401","53.85","8.43e-8","1.96e-8","-1.99","0","111.63","1e-8","0","bin742.log"
"Oct 28 2022","2459881","688651201","14.6","4.19e-8","1.69e-8","-1.99","0","118.61","1e-8","0","bin743.log"
"Nov 04 2022","2459888","689256001","57.58","8.59e-8","1.98e-8","-1.99","0","125.60","1e-8","0","bin744.log"
"Nov 11 2022","2459895","689860801","64.54","8.17e-8","1.90e-8","-1.99","0","132.52","1e-8","0","bin745.log"
"Nov 18 2022","2459902","690465601","57.4","8.19e-8","1.98e-8","-1.99","0","139.30","1e-8","0","bin746.log"
"Nov 25 2022","2459909","691070401","115.53","1.08e-7","1.89e-8","-1.99","0","145.77","1e-8","0","bin747.log"
"Dec 02 2022","2459916","691675201","47.6","1.15e-7","2.72e-8","-1.99","0","151.63","1e-8","0","bin748.log"
"Dec 09 2022","2459923","692280001","107.33","1.32e-7","2.30e-8","-1.99","0","156.36","1e-8","0","bin749.log"
"Dec 16 2022","2459930","692884801","39.91","4.64e-8","1.53e-8","-1.99","0","159.16","1e-8","0","bin750.log"
"Dec 23 2022","2459937","693489601","52.14","6.99e-8","1.73e-8","-1.99","0","159.29","1e-8","0","bin751.log"
"Dec 30 2022","2459944","694094401","88.35","1.19e-7","2.48e-8","-1.99","0","156.82","1e-8","0","bin752.log"
"Jan 06 2023","2459951","694699201","73.97","8.25e-8","1.85e-8","-1.99","0","152.59","1e-8","0","bin753.log"
"Jan 13 2023","2459958","695304001","53.69","6.78e-8","1.92e-8","-1.99","0","147.43","1e-8","0","bin754.log"
"Jan 20 2023","2459965","695908801","40.14","6.37e-8","1.80e-8","-1.99","0","141.87","1e-8","0","bin755.log"
"Jan 27 2023","2459972","696513601","44.88","6.90e-8","1.71e-8","-1.99","0","136.20","1e-8","0","bin756.log"
"Feb 03 2023","2459978","697118401","207.9","1.51e-7","2.20e-8","-1.99","0","130.56","1e-8","0","bin757.log"
"Feb 10 2023","2459985","697723201","122.71","9.80e-8","1.93e-8","-1.99","0","125.01","1e-8","0","bin758.log"
"Feb 17 2023","2459992","698328001","15.16","3.32e-8","1.54e-8","-1.99","0","119.60","1e-8","0","bin759.log"
"Feb 24 2023","2459999","698932801","51.42","7.62e-8","1.73e-8","-1.99","0","114.30","1e-8","0","bin760.log"
"Mar 03 2023","2460009","699537601","12.89","3.50e-8","1.46e-8","-1.99","0","109.11","1e-8","0","bin761.log"
"Mar 10 2023","2460016","700142401","45.82","6.92e-8","1.81e-8","-1.99","0","103.98","1e-8","0","bin762.log"
"Mar 17 2023","2460023","700747201","50.41","5.60e-8","1.46e-8","-1.99","0","98.89","1e-8","0","bin763.log"
"Mar 24 2023","2460030","701352001","28.77","5.16e-8","1.53e-8","-1.99","0","93.80","1e-8","0","bin764.log"
"Mar 31 2023","2460037","701956801","44.82","6.27e-8","1.69e-8","-1.99","0","88.66","1e-8","0","bin765.log"
"Apr 07 2023","2460043","702561601","87.39","8.17e-8","1.74e-8","-1.99","0","83.44","1e-8","0","bin766.log"
"Apr 14 2023","2460050","703166401","11.64","2.82e-8","1.33e-8","-1.99","0","78.11","1e-8","0","bin767.log"
"Apr 21 2023","2460057","703771201","29.55","4.16e-8","1.57e-8","-1.99","0","72.63","1e-8","0","bin768.log"
"Apr 28 2023","2460064","704376001","46.38","4.22e-8","1.11e-8","-1.99","0","66.99","1e-8","0","bin769.log"
"May 05 2023","2460071","704980801","82.69","6.64e-8","1.34e-8","-1.99","0","61.18","1e-8","0","bin770.log"
"May 12 2023","2460078","705585601","31.32","4.69e-8","1.37e-8","-1.99","0","55.20","1e-8","0","bin771.log"
"May 19 2023","2460085","706190401","68.61","7.87e-8","1.79e-8","-1.99","0","49.07","1e-8","0","bin772.log"
"May 26 2023","2460092","706795201","22.45","4.84e-8","1.61e-8","-1.99","0","42.81","1e-8","0","bin773.log"
"Jun 02 2023","2460099","707400001","51.85","6.19e-8","1.58e-8","-1.99","0","36.51","1e-8","0","bin774.log"
"Jun 09 2023","2460106","708004801","5.71","2.23e-8","1.44e-8","-1.99","0","30.28","1e-8","0","bin775.log"
"Jun 16 2023","2460113","708609601","5.37","2.25e-8","1.19e-8","-1.99","0","24.37","1e-8","0","bin776.log"
"Jun 23 2023","2460120","709214401","20.82","2.17e-8","1.02e-8","-1.99","0","19.24","1e-8","0","bin777.log"
"Jun 30 2023","2460127","709819201","5.96","2.07e-8","1.32e-8","-1.99","0","15.84","1e-8","0","bin778.log"
"Jul 07 2023","2460134","710424001","22.57","2.66e-8","1.10e-8","-1.99","0","15.47","1e-8","0","bin779.log"
"Jul 14 2023","2460141","711028801","15.17","4.18e-8","1.60e-8","-1.99","0","18.34","1e-8","0","bin780.log"
"Jul 21 2023","2460148","711633601","38.82","6.05e-8","1.85e-8","-1.99","0","23.27","1e-8","0","bin781.log"
"Sep 08 2023","2460196","715867201","10.98","3.04e-8","1.33e-8","-1.99","0","69.19","1e-8","0","bin788.log"